Track Name,Artist Name(s),Index,Starting energy,Ending energy,BPM,Genres,Acousticness,Difficulty,Familiarity,Transition type,Notes,Set,DJ
Bonafide (feat. Chiiild),"Emotional Oranges,Chiiild","Bonafide (feat. Chiiild).Emotional Oranges,Chiiild",2,3,98,R&B,0.5,1,3,Rising,,2024-10-17,Connie Wang
How Deep Is Your Love (feat. Yebba) - Live,"PJ Morton,Yebba","How Deep Is Your Love (feat. Yebba) - Live.PJ Morton,Yebba",3,3,93,"Oldies, Covers",0.9,1,4,None,Fade out early,2024-10-17,Connie Wang
BILLIE EILISH.,Armani White,BILLIE EILISH..Armani White,3,4,100,Angry Cali Late Nite,0.4,2,4,Rising,"Clean version, very short",2024-10-17,Connie Wang
Na Na Na,Now United,Na Na Na.Now United,3,3,106,Pop,0.4,1,3,None,,2024-10-17,Connie Wang
Lazy,Toby Lightman,Lazy.Toby Lightman,3,2,105,Jazz blues,0.8,1,3,Falling,,2024-10-17,Connie Wang
Bound,Indiana,Bound.Indiana,2,2,90,Baddie pop,0.2,1,4,None,,2024-10-17,Connie Wang
Boo'd Up,William Singe,Boo'd Up.William Singe,2,3,86,"R&B, Singer Songwriter, Covers",0.7,2,4,Rising,End a few sec early,2024-10-17,Connie Wang
Selfish,Jordan Davis,Selfish.Jordan Davis,3,2,90,Country,0.8,1,3,Falling,,2024-10-17,Connie Wang
Wonderwall,TEEMID,Wonderwall.TEEMID,3,3,100,"Electropop, Covers",0.1,2,3,None,,2024-10-17,Connie Wang
So Hot You're Hurting My Feelings,Caroline Polachek,So Hot You're Hurting My Feelings.Caroline Polachek,3,4,112,Pop,0.4,2,3,Rising,,2024-10-17,Connie Wang
just the two of us,Avenue Beat,just the two of us.Avenue Beat,3,3,88,"Singer songwriter, Covers",0.6,1,3,None,,2024-07-07,Connie Wang
Pineapple Skies,Miguel,Pineapple Skies.Miguel,3,2,100,R&B,0.3,2,3,Falling,,2024-07-07,Connie Wang
Crush On You,Nic Hanson,Crush On You.Nic Hanson,2,2,90,Funk pop,0.4,1,4,None,,2024-07-07,Connie Wang
Genie in a Bottle,Oshri,Genie in a Bottle.Oshri,3,3,94,Covers,0.2,2,4,None,,2024-07-07,Connie Wang
Move On (C'est la vie),Faydee,Move On (C'est la vie).Faydee,4,4,101,Electropop,0.1,2,4,None,,2024-07-07,Connie Wang
Danger - Original Mix,Blahzay Blahzay,Danger - Original Mix.Blahzay Blahzay,3,3,90,"Hip hop, Oldies, Rap",0.8,1,2,None,Explicit,2024-07-07,Connie Wang
AFU,CAL,AFU.CAL,2,3,94,Pop,0.5,1,4,Rising,Explicit,2024-07-07,Connie Wang
False God,Taylor Swift,False God.Taylor Swift,2,2,80,Pop,0.4,1,4,None,,2024-07-07,Connie Wang
Little Bit - Recorded at Spotify Studios NYC,Timeflies,Little Bit - Recorded at Spotify Studios NYC.Timeflies,3,3,101,Singer songwriter,0.9,2,3,None,,2024-07-07,Connie Wang
Poison Poison,Reneé Rapp,Poison Poison.Reneé Rapp,3,3,111,Singer songwriter,0.5,2,3,None,"Explicit, fade out at 2:05",2024-07-07,Connie Wang
U Remind Me - Recorded at Spotify Studios NYC,James TW,U Remind Me - Recorded at Spotify Studios NYC.James TW,3,2,97,"Singer songwriter, Covers",0.9,2,5,Falling,,2024-07-07,Connie Wang
Ich kenne nichts (das so schön ist wie du) - Radio-Edit,"Xavier Naidoo,RZA","Ich kenne nichts (das so schön ist wie du) - Radio-Edit.Xavier Naidoo,RZA",2,2,88,"Late night, Non-english",0.2,2,2,None,"Fade in at 0:24, end at 5:25",2024-07-07,Connie Wang
shut up,Greyson Chance,shut up.Greyson Chance,2,3,105,Pop,0.4,1,4,Rising,,2024-07-07,Connie Wang
Momma Always Told Me (feat. Stanaj & Yung Bae) - Matoma Funk Remix,"Mike Posner,Matoma,Stanaj,Yung Bae","Momma Always Told Me (feat. Stanaj & Yung Bae) - Matoma Funk Remix.Mike Posner,Matoma,Stanaj,Yung Bae",3,4,108,Funk pop,0.3,1,3,Rising,Explicit,2024-07-07,Connie Wang
No Scrubs,TLC,No Scrubs.TLC,3,3,93,"Throwback, R&B",0.4,2,5,None,Explicit (lightly),2024-07-07,Connie Wang
唯一remix,李宜柏PAULYBLEE,唯一remix.李宜柏PAULYBLEE,2,2,95,"Singer songwriter, Non-english",0.8,1,4,None,Officially Missing You guitar riff,2024-07-07,Connie Wang
Do I Wanna Know,"A Girl Named Sue,JPL,Tora","Do I Wanna Know.A Girl Named Sue,JPL,Tora",2,3,90,"Pop, Covers",0.4,1,3,Rising,,2024-07-07,Connie Wang
BIRDS OF A FEATHER,Billie Eilish,BIRDS OF A FEATHER.Billie Eilish,3,3,105,Pop,0.2,2,4,None,,2024-07-07,Connie Wang
Like That,"GRACEY,Alexander 23","Like That.GRACEY,Alexander 23",3,4,114,Pop,0.4,2,2,Rising,,2024-07-07,Connie Wang
Burn the House Down,AJR,Burn the House Down.AJR,3,3,92,Electropop,0.3,2,2,None,"Explicit, Swing vibes",2024-07-07,Connie Wang
Like I Do,J.Tajor,Like I Do.J.Tajor,2,3,105,"Singer songwriter, R&B",0.6,1,2,Rising,,2024-07-07,Connie Wang
Come On Get Higher,Matt Nathanson,Come On Get Higher.Matt Nathanson,3,2,92,"Throwback, Singer songwriter",0.8,1,5,Falling,,2024-07-07,Connie Wang
Light On,Maggie Rogers,Light On.Maggie Rogers,3,3,102,Singer songwriter,0.5,2,3,None,,2024-07-07,Connie Wang
Next Big Thing,West Rose,Next Big Thing.West Rose,4,4,104,Baddie pop,0.4,3,2,None,,2024-07-07,Connie Wang
Case Of The Ex (Whatcha Gonna Do),Mýa,Case Of The Ex (Whatcha Gonna Do).Mýa,3,3,98,"Throwback, R&B",0.4,3,4,None,Explicit (lightly),2024-07-07,Connie Wang
Coffee,Billy Raffoul,Coffee.Billy Raffoul,3,2,93,Singer songwriter,0.9,1,2,Falling,,2024-07-07,Connie Wang
Run Your Mouth,The Marías,Run Your Mouth.The Marías,2,3,111,Funk pop,0.4,2,2,Rising,,2024-07-07,Connie Wang
Therefore I Am,Billie Eilish,Therefore I Am.Billie Eilish,3,3,94,Pop,0.2,1,4,None,,2024-07-07,Connie Wang
Do Me Like A Drug,Emmanuel Franco,Do Me Like A Drug.Emmanuel Franco,3,3,107,Funk pop,0.4,1,5,None,,2024-07-07,Connie Wang
Another Love,Blush'ko,Another Love.Blush'ko,2,3,97,Electropop,0.2,3,4,Rising,,2024-07-07,Connie Wang
Green Tea & Honey,"Dane Amar,Jereena Montemayor","Green Tea & Honey.Dane Amar,Jereena Montemayor",2,2,95,"Singer songwriter, R&B",1.0,1,3,None,End at 3:37,2024-07-07,Connie Wang
Toxic,GIVVEN,Toxic.GIVVEN,2,3,112,"Electropop, Covers",0.1,3,3,Rising,Fade out at 3:37,2024-07-07,Connie Wang
What It Is (Solo Version),Doechii,What It Is (Solo Version).Doechii,3,3,86,"Rap, Baddie pop",0.6,2,3,None,Explicit,2024-07-07,Connie Wang
Un Deux Trois,MUNYA,Un Deux Trois.MUNYA,3,4,117,"Pop, Non-english",0.2,3,2,Rising,,2024-07-07,Connie Wang
Pray For Me (with Kendrick Lamar),"The Weeknd,Kendrick Lamar","Pray For Me (with Kendrick Lamar).The Weeknd,Kendrick Lamar",3,3,101,"Baddie pop, Rap",0.3,2,4,None,,2024-07-07,Connie Wang
Watermelon Sugar - Spotify Singles,Emei,Watermelon Sugar - Spotify Singles.Emei,2,3,104,"Singer songwriter, Covers",0.4,3,4,Rising,,2024-07-07,Connie Wang
Little Lover (TEEMID Remix),Nick Broadhurst,Little Lover (TEEMID Remix).Nick Broadhurst,2,2,99,Late night,0.3,2,2,None,,2024-07-07,Connie Wang
My Kink Is Karma,Chappell Roan,My Kink Is Karma.Chappell Roan,3,3,87,"Pop, Rock",0.4,2,2,None,Clean but inappropriate?,2024-07-07,Connie Wang
Around My Neck,FINNEAS,Around My Neck.FINNEAS,3,3,107,Baddie pop,0.3,1,3,None,,2024-07-07,Connie Wang
SexyBack,"Ilkan Gunuc,Clara Stegall","SexyBack.Ilkan Gunuc,Clara Stegall",4,3,100,"Angry Cali Late Nite, Covers",0.1,3,3,Falling,"Mild Bollywood influence, Explicit",2024-07-07,Connie Wang
Roll Your Eyes,Chance Peña,Roll Your Eyes.Chance Peña,3,3,84,Baddie pop,0.6,2,2,None,Hard bridge,2024-07-07,Connie Wang
Goodies (feat. Petey Pablo),"Ciara,Petey Pablo","Goodies (feat. Petey Pablo).Ciara,Petey Pablo",3,3,104,Throwback,0.2,2,5,None,,2024-07-07,Connie Wang
Faded,Izzy Bizu,Faded.Izzy Bizu,3,3,107,Pop,0.4,3,4,None,,2024-07-07,Connie Wang
Bonafide (feat. Chiiild),"Emotional Oranges,Chiiild","Bonafide (feat. Chiiild).Emotional Oranges,Chiiild",2,3,98,R&B,0.5,1,3,Rising,,2024-07-07,Connie Wang
Details in the Fabric (feat. James Morrison),"Jason Mraz,James Morrison","Details in the Fabric (feat. James Morrison).Jason Mraz,James Morrison",2,1,90,Singer songwriter,0.8,2,5,Falling,Good last song,2024-07-07,Connie Wang
Butterflies,ASTN,Butterflies.ASTN,2,3,100,Late night,0.3,2,3,Rising,,2024-07-03,Connie Wang
Espresso,Sabrina Carpenter,Espresso.Sabrina Carpenter,3,3,104,Pop,0.1,1,4,None,,2024-07-03,Connie Wang
Coogi Sweater Nostalgia,MarcLo,Coogi Sweater Nostalgia.MarcLo,3,4,109,Rap,0.3,2,2,Rising,"Start at 0:07, Michael approved",2024-07-03,Connie Wang
Show Up,Aiza,Show Up.Aiza,3,3,86,Pop,0.4,1,2,None,,2024-07-03,Connie Wang
sun and moon,anees,sun and moon.anees,3,2,90,Singer songwriter,0.8,2,4,Falling,,2024-07-03,Connie Wang
Cleo's Mood,Jr. Walker & The All Stars,Cleo's Mood.Jr. Walker & The All Stars,3,3,107,Jazz blues,0.4,2,5,None,,2024-07-03,Connie Wang
Bad Girl,Sickick,Bad Girl.Sickick,2,3,99,Baddie pop,0.2,1,3,Rising,Clean version,2024-07-03,Connie Wang
Esther,"BAYNK,Tinashe","Esther.BAYNK,Tinashe",3,3,106,Electropop,0.2,2,3,None,,2024-07-03,Connie Wang
UP!,"Forrest Frank,Connor Price","UP!.Forrest Frank,Connor Price",3,3,120,Angry Cali Late Nite,0.5,2,2,None,Half time??,2024-07-03,Connie Wang
Come On Get Higher,Matt Nathanson,Come On Get Higher.Matt Nathanson,3,2,92,"Throwback, Singer songwriter",0.8,1,5,Falling,,2024-07-03,Connie Wang
Electric Feel,Ari Gumora,Electric Feel.Ari Gumora,2,2,86,"Electropop, Covers",0.2,2,3,None,,2024-07-03,Connie Wang
Stuck In My Head (feat. AJ Mitchell),"Captain Cuts,AJ Mitchell","Stuck In My Head (feat. AJ Mitchell).Captain Cuts,AJ Mitchell",2,3,102,Pop,0.2,1,4,Rising,,2024-07-03,Connie Wang
Figure 8,Maliibu N Helene,Figure 8.Maliibu N Helene,3,4,117,Angry Cali Late Nite,0.4,1,3,Rising,Clean version,2024-07-03,Connie Wang
Walk That Walk,"Bakermat,Nic Hanson","Walk That Walk.Bakermat,Nic Hanson",3,3,100,Funk pop,0.4,2,5,None,,2024-07-03,Connie Wang
Sugar Sweet,Benson Boone,Sugar Sweet.Benson Boone,3,3,85,Pop,0.3,2,2,None,,2024-07-03,Connie Wang
Written in the Sand,Old Dominion,Written in the Sand.Old Dominion,2,2,84,Country,0.7,2,3,None,,2024-07-03,Connie Wang
Black Coffee And Cigarettes,Mo Rodgers,Black Coffee And Cigarettes.Mo Rodgers,3,3,111,Oldies,0.8,1,5,None,,2024-07-03,Connie Wang
Move Me,Liyr,Move Me.Liyr,3,3,98,Late night,0.3,1,4,None,,2024-07-03,Connie Wang
Lottery (feat. LU KALA),"Latto,LU KALA","Lottery (feat. LU KALA).Latto,LU KALA",3,4,114,Pop,0.4,2,5,Rising,,2024-07-03,Connie Wang
Anybody Else,JP Saxe,Anybody Else.JP Saxe,3,3,76,Baddie pop,0.2,3,3,None,,2024-07-03,Connie Wang
Ignore Me,Betty Who,Ignore Me.Betty Who,3,2,102,Pop,0.6,1,4,Falling,,2024-07-03,Connie Wang
Times Square,Neon Dreams,Times Square.Neon Dreams,2,1,94,Drama pop,0.8,3,5,Falling,,2024-07-03,Connie Wang
Run Through Fire,Pink Sweat$,Run Through Fire.Pink Sweat$,1,2,86,Singer songwriter,1.0,1,2,Rising,,2024-07-03,Connie Wang
Hound Dog - The Voice Performance,Kylie Rothfield,Hound Dog - The Voice Performance.Kylie Rothfield,2,4,85,"Blues, Covers",0.8,1,5,Rising,,2024-07-03,Connie Wang
So Pretty,"Reyanna Maria,Tyga","So Pretty.Reyanna Maria,Tyga",4,4,94,"Baddie pop, Rap, Angry Cali Late Nite",0.1,2,2,None,Clean version (but it's still pretty inappropriate),2024-07-03,Connie Wang
"Good Luck, Babe!",Chappell Roan,"Good Luck, Babe!.Chappell Roan",3,3,117,Pop,0.2,2,3,None,,2024-07-03,Connie Wang
"Jumpin', Jumpin'",Destiny's Child,"Jumpin', Jumpin'.Destiny's Child",4,4,89,"Throwback, R&B",0.4,3,5,None,End at 3:43,2024-07-03,Connie Wang
Jurass Finish First,Jurassic 5,Jurass Finish First.Jurassic 5,3,3,101,"Oldies, Rap",0.7,1,3,None,"Fade out at 3:28, Explicit",2024-07-03,Connie Wang
Never Again,"Ryan.B,AY楊佬叁","Never Again.Ryan.B,AY楊佬叁",2,2,96,"Singer songwriter, Non-english",0.8,2,2,None,,2024-07-03,Connie Wang
Au soleil - Souvenirs d'été,Marie-Flore,Au soleil - Souvenirs d'été.Marie-Flore,2,3,100,"Late night, Non-english",0.2,3,2,Rising,Very light latin beat,2024-07-03,Connie Wang
Cravin',"Stileto,Kendyle Paige","Cravin'.Stileto,Kendyle Paige",3,4,76,Angry Cali Late Nite,0.4,3,3,Rising,Fade out starting at 2:21,2024-07-03,Connie Wang
Ain't Too Proud To Beg,The Temptations,Ain't Too Proud To Beg.The Temptations,4,4,118,Oldies,0.7,2,5,None,,2024-07-03,Connie Wang
Magnets,"Disclosure,Lorde","Magnets.Disclosure,Lorde",3,3,92,Pop,0.1,1,4,None,,2024-07-03,Connie Wang
Rudimental,Mei Jun,Rudimental.Mei Jun,2,2,93,"Singer songwriter, R&B",0.8,1,2,None,Explicit,2024-07-03,Connie Wang
Under My Skin,Nate Smith,Under My Skin.Nate Smith,2,1,77,Country,0.8,3,2,Falling,,2024-07-03,Connie Wang
The Wire,Patrick Droney,The Wire.Patrick Droney,2,3,95,Pop,0.6,2,3,Rising,,2024-07-03,Connie Wang
crossed the line,Jessica Baio,crossed the line.Jessica Baio,3,4,110,"Electropop, Baddie pop",0.1,3,4,Rising,,2024-07-03,Connie Wang
My Trigger - Imad Royal Remix,"Miike Snow,Imad Royal","My Trigger - Imad Royal Remix.Miike Snow,Imad Royal",3,3,99,Electropop,0.0,3,3,None,Samba rhythm,2024-07-03,Connie Wang
Novacane,Frank Ocean,Novacane.Frank Ocean,3,2,94,R&B,0.3,2,4,Falling,Explicit,2024-07-03,Connie Wang
Bliss - Acoustic Version,Billy Raffoul,Bliss - Acoustic Version.Billy Raffoul,2,2,83,Singer songwriter,1.0,1,3,None,,2024-07-03,Connie Wang
Anxious,Dennis Lloyd,Anxious.Dennis Lloyd,2,3,101,Pop,0.7,2,2,Rising,,2024-07-03,Connie Wang
La Rua Madureira,"Bon Entendeur,Nino Ferrer","La Rua Madureira.Bon Entendeur,Nino Ferrer",3,3,102,"Electropop, Non-english",0.2,4,1,None,Latin rhythm,2024-07-03,Connie Wang
Caught Up,USHER,Caught Up.USHER,3,3,110,Throwback,0.4,1,5,None,,2024-07-03,Connie Wang
flowers & sex,"EMELINE,smle","flowers & sex.EMELINE,smle",3,2,85,"Late night, Baddie pop",0.3,2,3,Falling,Clean version (but it's still pretty inappropriate),2024-07-03,Connie Wang
SKINNY,Billie Eilish,SKINNY.Billie Eilish,2,1,70,Drama pop,0.7,4,3,Falling,Fade out at 3:31,2024-07-03,Connie Wang
Surrender,Daniel Johns,Surrender.Daniel Johns,2,3,94,Late night,0.4,2,3,Rising,,2024-07-03,Connie Wang
Fast Car (feat. Kina Grannis),Kina Grannis,Fast Car (feat. Kina Grannis).Kina Grannis,3,3,103,"Singer songwriter, Covers",1.0,1,5,None,,2024-07-03,Connie Wang
Let It Happen,Gracie Abrams,Let It Happen.Gracie Abrams,2,3,92,Drama pop,0.7,3,2,Rising,"Explicit, unpopular",2024-07-03,Connie Wang
Shivers,OSIS,Shivers.OSIS,2,2,76,Covers,0.9,2,4,None,Ends abruptly. Country feel,2024-07-03,Connie Wang
Please Please Please,Sabrina Carpenter,Please Please Please.Sabrina Carpenter,3,2,107,Pop,0.6,2,4,Falling,"Slight country twang, Explicit",2024-07-03,Connie Wang
Lost,Blake Rose,Lost.Blake Rose,3,3,95,Pop,0.2,1,5,None,,2024-07-03,Connie Wang
greedy,Tate McRae,greedy.Tate McRae,3,3,112,Baddie pop,0.3,3,4,None,Explicit,2024-07-03,Connie Wang
No Less,"SG Lewis,Louis Mattrs","No Less.SG Lewis,Louis Mattrs",2,3,92,"Late night, Electropop",0.1,2,4,Rising,Fade out at 3:32,2024-07-03,Connie Wang
Let There Be Drums,"Feder,UPSAHL","Let There Be Drums.Feder,UPSAHL",2,3,100,Electropop,0.2,3,4,Rising,,2024-07-03,Connie Wang
comethru,Jeremy Zucker,comethru.Jeremy Zucker,2,2,94,Singer songwriter,0.7,2,5,None,,2024-07-03,Connie Wang
Free Fallin' - Live at the Nokia Theatre,John Mayer,Free Fallin' - Live at the Nokia Theatre.John Mayer,1,2,86,"Singer songwriter, Covers",0.8,2,5,Rising,Fade out at 4:07,2024-07-03,Connie Wang
Butterflies,James TW,Butterflies.James TW,3,3,100,Pop,0.2,1,3,None,,2024-06-22,Connie Wang
Selfish,Jordan Davis,Selfish.Jordan Davis,3,2,90,Country,0.8,1,3,Falling,,2024-06-22,Connie Wang
Jealous,Ingrid Michaelson,Jealous.Ingrid Michaelson,3,3,97,Pop,0.3,2,4,None,,2024-06-22,Connie Wang
I Wanna Dance with Somebody (Who Loves Me),Whitney Houston,I Wanna Dance with Somebody (Who Loves Me).Whitney Houston,4,4,119,Oldies,0.6,2,5,None,Fade out at 3:45,2024-06-22,Connie Wang
Sure Thing,Miguel,Sure Thing.Miguel,3,3,81,R&B,0.4,2,5,None,,2024-06-22,Connie Wang
headlock,"Marshall,Lindsey Ray,Tep No","headlock.Marshall,Lindsey Ray,Tep No",3,3,96,Pop,0.3,2,2,None,,2024-06-22,Connie Wang
Spring With You (feat. 20 Years of Age),"Vanilla Acoustic,20 Years of Age","Spring With You (feat. 20 Years of Age).Vanilla Acoustic,20 Years of Age",2,2,91,"Singer songwriter, Non-english",0.9,1,2,None,,2024-06-22,Connie Wang
Glow,Susan H,Glow.Susan H,2,3,96,Pop,0.3,2,3,Rising,,2024-06-22,Connie Wang
Sanctify,Olly Alexander (Years & Years),Sanctify.Olly Alexander (Years & Years),3,3,102,Baddie pop,0.3,2,4,None,,2024-06-22,Connie Wang
Greedy,Ariana Grande,Greedy.Ariana Grande,3,4,110,"Funk pop, R&B",0.5,2,3,Rising,,2024-06-22,Connie Wang
贴贴,"胥睿,杨淳","贴贴.胥睿,杨淳",3,3,92,"Singer songwriter, Non-english",0.7,1,1,None,,2024-06-22,Connie Wang
Son of a Preacher Man,Dusty Springfield,Son of a Preacher Man.Dusty Springfield,2,3,91,Oldies,0.8,1,5,Rising,,2024-06-22,Connie Wang
Little Lover (TEEMID Remix),Nick Broadhurst,Little Lover (TEEMID Remix).Nick Broadhurst,2,2,99,Late night,0.3,2,2,None,,2024-06-22,Connie Wang
My Kink Is Karma,Chappell Roan,My Kink Is Karma.Chappell Roan,3,3,87,"Pop, Rock",0.4,2,2,None,Clean but inappropriate?,2024-06-22,Connie Wang
Genie in a Bottle,Oshri,Genie in a Bottle.Oshri,3,3,94,Covers,0.2,2,4,None,,2024-06-22,Connie Wang
"Piñata (feat. BIA, Kap G & Justin Quiles)","Vice,Kap G,Justin Quiles,BIA","Piñata (feat. BIA, Kap G & Justin Quiles).Vice,Kap G,Justin Quiles,BIA",4,4,100,"Pop, Rap",0.2,2,3,None,Explicit (lightly),2024-06-22,Connie Wang
Roll Your Eyes,Chance Peña,Roll Your Eyes.Chance Peña,3,3,84,Baddie pop,0.6,2,2,None,Hard bridge,2024-06-22,Connie Wang
U Remind Me - Recorded at Spotify Studios NYC,James TW,U Remind Me - Recorded at Spotify Studios NYC.James TW,3,2,97,"Singer songwriter, Covers",0.9,2,5,Falling,,2024-06-22,Connie Wang
Glass of Whisky,Sara Diamond,Glass of Whisky.Sara Diamond,2,2,84,R&B,0.5,2,4,None,,2024-06-22,Connie Wang
BIRDS OF A FEATHER,Billie Eilish,BIRDS OF A FEATHER.Billie Eilish,3,3,105,Pop,0.2,2,4,None,,2024-06-22,Connie Wang
911,Teddy Swims,911.Teddy Swims,3,3,99,R&B,0.4,1,4,None,Explicit (lightly),2024-06-22,Connie Wang
The Devil,BANKS,The Devil.BANKS,3,3,94,Baddie pop,0.2,2,3,None,,2024-06-22,Connie Wang
Si No Estás,iñigo quintero,Si No Estás.iñigo quintero,3,2,98,"Singer songwriter, Non-english",0.7,2,2,Falling,,2024-06-22,Connie Wang
Take Me Where Your Heart Is,Q,Take Me Where Your Heart Is.Q,2,2,90,R&B,0.5,1,3,None,,2024-06-22,Connie Wang
Stuck In My Head (feat. AJ Mitchell),"Captain Cuts,AJ Mitchell","Stuck In My Head (feat. AJ Mitchell).Captain Cuts,AJ Mitchell",2,3,102,Pop,0.2,1,4,Rising,,2024-06-22,Connie Wang
Baby Boy (feat. Sean Paul),"Beyoncé,Sean Paul","Baby Boy (feat. Sean Paul).Beyoncé,Sean Paul",3,3,91,"Throwback, Pop",0.4,1,5,None,,2024-06-22,Connie Wang
Trade it for the Night - Single Version,HAEVN,Trade it for the Night - Single Version.HAEVN,3,3,100,Late night,0.1,3,3,None,,2024-06-22,Connie Wang
Feel Good,Charlotte Cardin,Feel Good.Charlotte Cardin,3,4,111,"Late night, Non-english",0.3,3,2,Rising,,2024-06-22,Connie Wang
just the two of us,Avenue Beat,just the two of us.Avenue Beat,3,3,88,"Singer songwriter, Covers",0.6,1,3,None,,2024-06-22,Connie Wang
Cold War,Cautious Clay,Cold War.Cautious Clay,2,2,77,Late night,0.2,2,4,None,Explicit,2024-06-22,Connie Wang
Chariot,Mega,Chariot.Mega,2,3,92,"Singer songwriter, Soul",0.8,2,3,Rising,,2024-06-22,Connie Wang
Bad Vibrations,Jesper Jenset,Bad Vibrations.Jesper Jenset,3,3,98,Pop,0.3,1,3,None,Explicit,2024-06-22,Connie Wang
Wanted Man,Mat Kearney,Wanted Man.Mat Kearney,3,3,102,Country,0.8,2,4,None,,2024-06-22,Connie Wang
Lost,Blake Rose,Lost.Blake Rose,3,3,95,Pop,0.2,1,5,None,,2024-06-22,Connie Wang
Trip,Ella Mai,Trip.Ella Mai,2,1,80,R&B,0.5,2,5,Falling,Fade out at 3:20,2024-06-22,Connie Wang
Over-the-Ocean Call,Lizzy McAlpine,Over-the-Ocean Call.Lizzy McAlpine,2,2,92,Pop,0.8,2,3,None,,2024-06-22,Connie Wang
Save Us,Lennon Stella,Save Us.Lennon Stella,2,2,90,Pop,0.3,2,4,None,,2024-06-02,Connie Wang
Move Along,LOU'ANA,Move Along.LOU'ANA,3,3,103,Funk pop,0.6,1,4,None,,2024-06-02,Connie Wang
Flatline,Two Feet,Flatline.Two Feet,3,4,107,"Baddie pop, Electropop",0.2,2,3,Rising,,2024-06-02,Connie Wang
Power Move,Astrid S,Power Move.Astrid S,3,3,92,Pop,0.5,2,2,None,,2024-06-02,Connie Wang
Coffee,Billy Raffoul,Coffee.Billy Raffoul,3,2,93,Singer songwriter,0.9,1,2,Falling,,2024-06-02,Connie Wang
Whippin (feat. Felix Snow),"Kiiara,Felix Snow","Whippin (feat. Felix Snow).Kiiara,Felix Snow",2,2,83,Electropop,0.2,2,4,None,Explicit,2024-06-02,Connie Wang
Stand and Deliver,Patrick Droney,Stand and Deliver.Patrick Droney,2,3,89,Singer songwriter,0.6,1,5,Rising,,2024-06-02,Connie Wang
How Deep Is Your Love (feat. Yebba) - Live,"PJ Morton,Yebba","How Deep Is Your Love (feat. Yebba) - Live.PJ Morton,Yebba",3,3,93,"Oldies, Covers",0.9,1,4,None,Fade out early,2024-06-02,Connie Wang
"Piñata (feat. BIA, Kap G & Justin Quiles)","Vice,Kap G,Justin Quiles,BIA","Piñata (feat. BIA, Kap G & Justin Quiles).Vice,Kap G,Justin Quiles,BIA",4,4,100,"Pop, Rap",0.2,2,3,None,Explicit (lightly),2024-06-02,Connie Wang
Move Me,Liyr,Move Me.Liyr,3,3,98,Late night,0.3,1,4,None,,2024-06-02,Connie Wang
Guilty as Sin?,Taylor Swift,Guilty as Sin?.Taylor Swift,3,2,97,Pop,0.5,1,5,Falling,,2024-06-02,Connie Wang
In Between,whatever mike,In Between.whatever mike,2,3,90,Singer songwriter,0.4,2,3,Rising,,2024-06-02,Connie Wang
Still in da Disco - Maga Remix,"HEDEGAARD,Maga","Still in da Disco - Maga Remix.HEDEGAARD,Maga",4,3,93,"Electropop, Angry Cali Late Nite",0.1,3,2,Falling,,2024-06-02,Connie Wang
Activated,Cher Lloyd,Activated.Cher Lloyd,3,3,88,Pop,0.3,1,3,None,Explicit,2024-06-02,Connie Wang
Think it Over,New Constellations,Think it Over.New Constellations,3,4,110,Funk pop,0.4,2,2,Rising,,2024-06-02,Connie Wang
Pleasure (feat. RINI),"Abrina,RINI","Pleasure (feat. RINI).Abrina,RINI",3,2,90,R&B,0.4,2,2,Falling,,2024-06-02,Connie Wang
Stay With Me (Acoustic),Jake Coco,Stay With Me (Acoustic).Jake Coco,2,2,85,"Singer songwriter, Covers",1.0,1,5,None,,2024-06-02,Connie Wang
AFU,CAL,AFU.CAL,2,3,94,Pop,0.5,1,4,Rising,Explicit,2024-06-02,Connie Wang
Escapism.,"RAYE,070 Shake","Escapism..RAYE,070 Shake",3,3,96,Rap,0.1,2,3,None,"Explicit, Fade out at 3:30",2024-06-02,Connie Wang
SloMo,Chanel,SloMo.Chanel,3,3,105,"Pop, Non-english",0.2,3,3,None,Latin rhythm,2024-06-02,Connie Wang
Brain,Alia,Brain.Alia,3,3,90,Electropop,0.2,2,3,None,,2024-06-02,Connie Wang
If I Wrote You a Song,"Rubber Band,Grant Trammel","If I Wrote You a Song.Rubber Band,Grant Trammel",3,2,93,Singer songwriter,0.8,2,2,Falling,,2024-06-02,Connie Wang
Talia,King Princess,Talia.King Princess,2,2,91,Pop,0.4,3,4,None,,2024-06-02,Connie Wang
In and Out,Drax Project,In and Out.Drax Project,3,3,98,Funk pop,0.4,2,3,None,,2024-06-02,Connie Wang
Chuck Taylor,"Connor Price,SIRI","Chuck Taylor.Connor Price,SIRI",3,4,102,Angry Cali Late Nite,0.3,2,2,Rising,,2024-06-02,Connie Wang
Do Me Like A Drug,Emmanuel Franco,Do Me Like A Drug.Emmanuel Franco,3,3,107,Funk pop,0.4,1,5,None,,2024-06-02,Connie Wang
Her Diamonds,Rob Thomas,Her Diamonds.Rob Thomas,3,3,88,Throwback,0.4,2,4,None,Fade out at 3:55,2024-06-02,Connie Wang
Over-the-Ocean Call,Lizzy McAlpine,Over-the-Ocean Call.Lizzy McAlpine,2,2,92,Pop,0.8,2,3,None,,2024-06-02,Connie Wang
Levitating,Dua Lipa,Levitating.Dua Lipa,3,4,103,Pop,0.3,1,5,Rising,,2024-06-02,Connie Wang
Jump,"Tyla,Gunna,Skillibeng","Jump.Tyla,Gunna,Skillibeng",3,3,100,Afrobeats,0.6,4,2,None,,2024-06-02,Connie Wang
Green Tea & Honey,"Dane Amar,Jereena Montemayor","Green Tea & Honey.Dane Amar,Jereena Montemayor",2,2,95,"Singer songwriter, R&B",1.0,1,3,None,End at 3:37,2024-06-02,Connie Wang
Waves - Acoustic,Dean Lewis,Waves - Acoustic.Dean Lewis,1,2,89,Singer songwriter,0.8,4,4,Rising,,2024-06-02,Connie Wang
Sugar Honey Iced Tea (S.H.I.T.),Princess Nokia,Sugar Honey Iced Tea (S.H.I.T.).Princess Nokia,3,3,95,"Rap, Baddie pop",0.4,3,3,None,Explicit,2024-06-02,Connie Wang
Thinkin Bout You,Ciara,Thinkin Bout You.Ciara,3,3,107,Pop,0.4,1,4,None,,2024-06-02,Connie Wang
Forgive Me,"Sofi Tukker,Mahmut Orhan","Forgive Me.Sofi Tukker,Mahmut Orhan",2,3,100,Electropop,0.2,4,4,Rising,,2024-06-02,Connie Wang
Thoughts,Sasha Alex Sloan,Thoughts.Sasha Alex Sloan,2,2,90,Singer songwriter,0.5,2,2,None,,2024-06-02,Connie Wang
Breathe,Years & Years,Breathe.Years & Years,3,2,92,Pop,0.3,2,4,Falling,,2024-06-02,Connie Wang
Stuck In My Head (feat. AJ Mitchell),"Captain Cuts,AJ Mitchell","Stuck In My Head (feat. AJ Mitchell).Captain Cuts,AJ Mitchell",2,3,102,Pop,0.2,1,4,Rising,,2024-06-02,Connie Wang
365,"Zedd,Katy Perry","365.Zedd,Katy Perry",3,3,98,Pop,0.3,3,4,None,Samba rhythm,2024-06-02,Connie Wang
Georgia On My Mind,Allen Stone,Georgia On My Mind.Allen Stone,3,3,77,"Singer songwriter, Covers",0.9,2,4,None,,2024-06-02,Connie Wang
Lock Shit Down,"Chali 2na,Talib Kweli","Lock Shit Down.Chali 2na,Talib Kweli",2,2,95,"Angry Cali Late Nite, Rap",0.4,1,4,None,Explicit,2024-06-02,Connie Wang
Falling,Harry Styles,Falling.Harry Styles,2,1,110,Drama pop,0.9,4,3,Falling,End at 3:48,2024-06-02,Connie Wang
Memo,Olly Alexander (Years & Years),Memo.Olly Alexander (Years & Years),1,1,84,Late night,0.2,2,4,None,,2024-06-02,Connie Wang
WOW - Unplugged,Janine,WOW - Unplugged.Janine,2,2,100,"Singer songwriter, Covers",0.9,3,4,None,Explicit,2024-06-02,Connie Wang
Bonafide (feat. Chiiild),"Emotional Oranges,Chiiild","Bonafide (feat. Chiiild).Emotional Oranges,Chiiild",2,3,98,R&B,0.5,1,3,Rising,,2024-06-02,Connie Wang
Supermagic,Ellery Bonham,Supermagic.Ellery Bonham,2,2,89,Singer songwriter,0.9,1,3,None,Explicit,2024-06-02,Connie Wang
Cool Again,Shoffy,Cool Again.Shoffy,2,3,90,Pop,0.4,2,5,Rising,,2024-04-27,Connie Wang
911,Teddy Swims,911.Teddy Swims,3,3,99,R&B,0.4,1,4,None,Explicit (lightly),2024-04-27,Connie Wang
Lips Don't Lie (feat. A Boogie Wit da Hoodie) - R3HAB Remix,"Ally Brooke,A Boogie Wit da Hoodie,R3HAB","Lips Don't Lie (feat. A Boogie Wit da Hoodie) - R3HAB Remix.Ally Brooke,A Boogie Wit da Hoodie,R3HAB",3,4,100,Pop,0.2,2,2,Rising,Latin rhythm,2024-04-27,Connie Wang
Push,EquallyOpposite,Push.EquallyOpposite,3,3,104,Rap,0.3,2,3,None,,2024-04-27,Connie Wang
You're the One That I Want,"Dylan Rockoff,Caroline Kole","You're the One That I Want.Dylan Rockoff,Caroline Kole",3,2,85,"Singer songwriter, Covers",0.9,1,4,Falling,,2024-04-27,Connie Wang
Guilty as Sin?,Taylor Swift,Guilty as Sin?.Taylor Swift,3,2,97,Pop,0.5,1,5,Falling,,2024-04-27,Connie Wang
Nuttin' But Love,Heavy D & The Boyz,Nuttin' But Love.Heavy D & The Boyz,3,3,101,"Hip hop, Oldies",0.7,1,3,None,,2024-04-27,Connie Wang
Sing It With Me,"JP Cooper,Astrid S","Sing It With Me.JP Cooper,Astrid S",3,4,112,Pop,0.4,2,3,Rising,,2024-04-27,Connie Wang
Semblant,Laurence Nerbonne,Semblant.Laurence Nerbonne,3,3,98,"Pop, Non-english",0.3,1,2,None,,2024-04-27,Connie Wang
Orion's Belt,Sabrina Claudio,Orion's Belt.Sabrina Claudio,2,2,84,R&B,0.4,2,4,None,,2024-04-27,Connie Wang
He's A Tramp,Melody Gardot,He's A Tramp.Melody Gardot,3,3,105,"Jazz blues, Covers",0.8,1,3,None,,2024-04-27,Connie Wang
Wonderwall,TEEMID,Wonderwall.TEEMID,3,3,100,"Electropop, Covers",0.1,2,3,None,,2024-04-27,Connie Wang
Into You,Ariana Grande,Into You.Ariana Grande,3,4,108,Pop,0.2,2,5,Rising,,2024-04-27,Connie Wang
Water Under the Bridge,Adele,Water Under the Bridge.Adele,4,3,95,Pop,0.0,1,5,Falling,,2024-04-27,Connie Wang
Eyes Closed,Ed Sheeran,Eyes Closed.Ed Sheeran,2,3,107,Singer songwriter,0.5,2,5,Rising,,2024-04-27,Connie Wang
"Leave (Get Out) - Recorded at Metropolis Studios, London",Anne-Marie,"Leave (Get Out) - Recorded at Metropolis Studios, London.Anne-Marie",2,3,86,"Covers, R&B",0.9,3,3,Rising,,2024-04-27,Connie Wang
The Devil,BANKS,The Devil.BANKS,3,3,94,Baddie pop,0.2,2,3,None,,2024-04-27,Connie Wang
edamame,"bbno$,Rich Brian","edamame.bbno$,Rich Brian",4,4,106,Rap,0.2,2,5,None,Clean version,2024-04-27,Connie Wang
greedy,Tate McRae,greedy.Tate McRae,3,3,112,Baddie pop,0.3,3,4,None,Explicit,2024-04-27,Connie Wang
Straight Up,Paula Abdul,Straight Up.Paula Abdul,4,3,96,Throwback,0.3,1,5,Falling,,2024-04-27,Connie Wang
Slow Jamz,Max Frost,Slow Jamz.Max Frost,3,3,85,Pop,0.4,1,4,None,Explicit (lightly),2024-04-27,Connie Wang
sun and moon,anees,sun and moon.anees,3,2,90,Singer songwriter,0.8,2,4,Falling,,2024-04-27,Connie Wang
How Will I Know,Sam Smith,How Will I Know.Sam Smith,2,1,85,Drama pop,0.9,3,4,Falling,,2024-04-27,Connie Wang
Dive,Olivia Dean,Dive.Olivia Dean,2,2,90,Funk pop,0.5,2,2,None,Fade out at 3:05,2024-04-27,Connie Wang
Forget Me,Lewis Capaldi,Forget Me.Lewis Capaldi,3,3,102,Pop,0.4,2,4,None,,2024-04-27,Connie Wang
nuh uh,Jades Goudreault,nuh uh.Jades Goudreault,3,4,98,Baddie pop,0.1,3,3,Rising,Samba rhythm,2024-04-27,Connie Wang
Caught Up,USHER,Caught Up.USHER,3,3,110,Throwback,0.4,1,5,None,,2024-04-27,Connie Wang
Lie,Sasha Alex Sloan,Lie.Sasha Alex Sloan,3,2,104,Singer songwriter,0.4,2,2,Falling,,2024-04-27,Connie Wang
Let There Be Love,Nat King Cole,Let There Be Love.Nat King Cole,2,3,120,Oldies,0.9,3,5,Rising,,2024-04-27,Connie Wang
Tea,Noah Davis,Tea.Noah Davis,3,3,88,Baddie pop,0.3,1,3,None,Explicit,2024-04-27,Connie Wang
Next Big Thing,West Rose,Next Big Thing.West Rose,4,4,104,Baddie pop,0.4,3,2,None,,2024-04-27,Connie Wang
Kissing Other People,Lennon Stella,Kissing Other People.Lennon Stella,3,3,94,Pop,0.3,2,4,None,,2024-04-27,Connie Wang
Glass of Whisky,Sara Diamond,Glass of Whisky.Sara Diamond,2,2,84,R&B,0.5,2,4,None,,2024-04-27,Connie Wang
Ring Pop - Stripped,Jax,Ring Pop - Stripped.Jax,1,1,85,Singer songwriter,0.9,4,2,None,,2024-04-27,Connie Wang
Au soleil - Souvenirs d'été,Marie-Flore,Au soleil - Souvenirs d'été.Marie-Flore,2,3,100,"Late night, Non-english",0.2,3,2,Rising,Very light latin beat,2024-04-27,Connie Wang
People I Don't Like,UPSAHL,People I Don't Like.UPSAHL,3,3,90,Baddie pop,0.2,1,4,None,,2024-04-27,Connie Wang
Leave It Alone,"Vandelux,Tyler Mann","Leave It Alone.Vandelux,Tyler Mann",3,3,108,Electropop,0.1,2,4,None,"Explicit, Sofi tucker vibes",2024-04-27,Connie Wang
RED,Blake and Miles,RED.Blake and Miles,2,3,95,"Pop, Rap",0.4,2,3,Rising,Explicit,2024-04-27,Connie Wang
Free Fallin' - Live at the Nokia Theatre,John Mayer,Free Fallin' - Live at the Nokia Theatre.John Mayer,1,2,86,"Singer songwriter, Covers",0.8,2,5,Rising,Fade out at 4:07,2024-04-27,Connie Wang
Everybody Wants You,Red Hearse,Everybody Wants You.Red Hearse,1,2,96,Late night,0.8,3,5,Rising,,2024-04-27,Connie Wang
All to Myself,Johnny Stimson,All to Myself.Johnny Stimson,2,3,98,R&B,0.5,2,2,Rising,,2024-04-27,Connie Wang
Bliss - Acoustic Version,Billy Raffoul,Bliss - Acoustic Version.Billy Raffoul,2,2,83,Singer songwriter,1.0,1,3,None,,2024-04-27,Connie Wang
What Was I Made For?,Billie Eilish,What Was I Made For?.Billie Eilish,1,1,79,Drama pop,0.8,3,3,None,End at 3:33,2024-04-27,Connie Wang
Cool Again,Shoffy,Cool Again.Shoffy,2,3,90,Pop,0.4,2,5,Rising,,2024-04-21,Connie Wang
911,Teddy Swims,911.Teddy Swims,3,3,99,R&B,0.4,1,4,None,Explicit (lightly),2024-04-21,Connie Wang
Lips Don't Lie (feat. A Boogie Wit da Hoodie) - R3HAB Remix,"Ally Brooke,A Boogie Wit da Hoodie,R3HAB","Lips Don't Lie (feat. A Boogie Wit da Hoodie) - R3HAB Remix.Ally Brooke,A Boogie Wit da Hoodie,R3HAB",3,4,100,Pop,0.2,2,2,Rising,Latin rhythm,2024-04-21,Connie Wang
Push,EquallyOpposite,Push.EquallyOpposite,3,3,104,Rap,0.3,2,3,None,,2024-04-21,Connie Wang
You're the One That I Want,"Dylan Rockoff,Caroline Kole","You're the One That I Want.Dylan Rockoff,Caroline Kole",3,2,85,"Singer songwriter, Covers",0.9,1,4,Falling,,2024-04-21,Connie Wang
Death By A Thousand Cuts,Taylor Swift,Death By A Thousand Cuts.Taylor Swift,2,3,94,Pop,0.4,2,5,Rising,,2024-04-21,Connie Wang
Tea,Noah Davis,Tea.Noah Davis,3,3,88,Baddie pop,0.3,1,3,None,Explicit,2024-04-21,Connie Wang
Sing It With Me,"JP Cooper,Astrid S","Sing It With Me.JP Cooper,Astrid S",3,4,112,Pop,0.4,2,3,Rising,,2024-04-21,Connie Wang
Semblant,Laurence Nerbonne,Semblant.Laurence Nerbonne,3,3,98,"Pop, Non-english",0.3,1,2,None,,2024-04-21,Connie Wang
Orion's Belt,Sabrina Claudio,Orion's Belt.Sabrina Claudio,2,2,84,R&B,0.4,2,4,None,,2024-04-21,Connie Wang
Fortnight (feat. Post Malone),"Taylor Swift,Post Malone","Fortnight (feat. Post Malone).Taylor Swift,Post Malone",2,3,96,Pop,0.4,1,4,Rising,,2024-04-21,Connie Wang
Wonderwall,TEEMID,Wonderwall.TEEMID,3,3,100,"Electropop, Covers",0.1,2,3,None,,2024-04-21,Connie Wang
16 Steps,"Martin Jensen,Olivia Holt","16 Steps.Martin Jensen,Olivia Holt",3,4,90,Pop,0.1,1,2,Rising,,2024-04-21,Connie Wang
Paint The Town Red,Doja Cat,Paint The Town Red.Doja Cat,3,3,100,Angry Cali Late Nite,0.4,2,4,None,Explicit,2024-04-21,Connie Wang
sun and moon,anees,sun and moon.anees,3,2,90,Singer songwriter,0.8,2,4,Falling,,2024-04-21,Connie Wang
Christina's Song,MAX,Christina's Song.MAX,2,2,88,"Pop, R&B",0.5,2,3,None,,2024-04-21,Connie Wang
AFU,CAL,AFU.CAL,2,3,94,Pop,0.5,1,4,Rising,Explicit,2024-04-21,Connie Wang
People I Don't Like,UPSAHL,People I Don't Like.UPSAHL,3,3,90,Baddie pop,0.2,1,4,None,,2024-04-21,Connie Wang
Lie,Sasha Alex Sloan,Lie.Sasha Alex Sloan,3,2,104,Singer songwriter,0.4,2,2,Falling,,2024-04-21,Connie Wang
Call Your Mom (with Lizzy McAlpine),"Noah Kahan,Lizzy McAlpine","Call Your Mom (with Lizzy McAlpine).Noah Kahan,Lizzy McAlpine",1,2,87,Singer songwriter,0.8,3,2,Rising,,2024-04-21,Connie Wang
RED,Blake and Miles,RED.Blake and Miles,2,3,95,"Pop, Rap",0.4,2,3,Rising,Explicit,2024-04-21,Connie Wang
Messy,Kiiara,Messy.Kiiara,3,3,108,Electropop,0.2,2,4,None,,2024-04-21,Connie Wang
What It Is (Solo Version),Doechii,What It Is (Solo Version).Doechii,3,3,86,"Rap, Baddie pop",0.6,2,3,None,Explicit,2024-04-21,Connie Wang
Brain,Alia,Brain.Alia,3,3,90,Electropop,0.2,2,3,None,,2024-04-21,Connie Wang
Ignore Me,Betty Who,Ignore Me.Betty Who,3,2,102,Pop,0.6,1,4,Falling,,2024-04-21,Connie Wang
Quick Musical Doodles,Two Feet,Quick Musical Doodles.Two Feet,2,2,85,Baddie pop,0.1,4,5,None,,2024-04-21,Connie Wang
Bliss - Acoustic Version,Billy Raffoul,Bliss - Acoustic Version.Billy Raffoul,2,2,83,Singer songwriter,1.0,1,3,None,,2024-04-21,Connie Wang
Everybody Wants You,Red Hearse,Everybody Wants You.Red Hearse,1,2,96,Late night,0.8,3,5,Rising,,2024-04-21,Connie Wang
L*** Is a Bad Word,Kiiara,L*** Is a Bad Word.Kiiara,2,3,84,Electropop,0.1,2,4,Rising,,2024-04-21,Connie Wang
Hate Me Too,Emily Burns,Hate Me Too.Emily Burns,3,3,86,Pop,0.9,2,3,None,,2024-04-21,Connie Wang
Forever,Ben Harper,Forever.Ben Harper,2,2,85,Singer songwriter,1.0,1,5,None,,2024-04-21,Connie Wang
Au soleil - Souvenirs d'été,Marie-Flore,Au soleil - Souvenirs d'été.Marie-Flore,2,3,100,"Late night, Non-english",0.2,3,2,Rising,Very light latin beat,2024-04-21,Connie Wang
Still in da Disco - Maga Remix,"HEDEGAARD,Maga","Still in da Disco - Maga Remix.HEDEGAARD,Maga",4,3,93,"Electropop, Angry Cali Late Nite",0.1,3,2,Falling,,2024-04-21,Connie Wang
Spiritual Man,LANKS,Spiritual Man.LANKS,2,3,94,Electropop,0.2,1,2,Rising,,2024-04-21,Connie Wang
Twisted,Nahko And Medicine For The People,Twisted.Nahko And Medicine For The People,2,2,82,R&B,0.8,3,2,None,,2024-04-21,Connie Wang
Ring Pop - Stripped,Jax,Ring Pop - Stripped.Jax,1,1,85,Singer songwriter,0.9,4,2,None,,2024-04-21,Connie Wang
Five More Minutes,Jonas Brothers,Five More Minutes.Jonas Brothers,2,2,94,Pop,0.3,1,4,None,,2024-04-21,Connie Wang
Talia,King Princess,Talia.King Princess,2,2,91,Pop,0.4,3,4,None,,2024-04-21,Connie Wang
Another Love,Blush'ko,Another Love.Blush'ko,2,3,97,Electropop,0.2,3,4,Rising,,2024-04-21,Connie Wang
Flatline,Two Feet,Flatline.Two Feet,3,4,107,"Baddie pop, Electropop",0.2,2,3,Rising,,2024-04-21,Connie Wang
Si No Estás,iñigo quintero,Si No Estás.iñigo quintero,3,2,98,"Singer songwriter, Non-english",0.7,2,2,Falling,,2024-04-21,Connie Wang
Ain't No Sunshine,Pink Sweat$,Ain't No Sunshine.Pink Sweat$,2,2,80,"Oldies, Covers",0.7,3,4,None,,2024-04-21,Connie Wang
Technicolour Beat,Oh Wonder,Technicolour Beat.Oh Wonder,1,2,65,"Late night, Electropop",0.6,5,4,Rising,,2024-04-21,Connie Wang
Glass of Whisky,Sara Diamond,Glass of Whisky.Sara Diamond,2,2,84,R&B,0.5,2,4,None,,2024-04-21,Connie Wang
Oxytocin,Chandler Leighton,Oxytocin.Chandler Leighton,3,3,93,Pop,0.3,1,3,None,,2024-04-21,Connie Wang
Goodies (feat. Petey Pablo),"Ciara,Petey Pablo","Goodies (feat. Petey Pablo).Ciara,Petey Pablo",3,3,104,Throwback,0.2,2,5,None,,2024-04-21,Connie Wang
I Guess,"Saint Levant,Playyard","I Guess.Saint Levant,Playyard",3,2,70,"R&B, Baddie pop, Rap",0.4,4,2,Falling,,2024-04-21,Connie Wang
Summertime Magic,Ife Kehinde,Summertime Magic.Ife Kehinde,2,2,87,"Singer songwriter, R&B",0.9,4,4,None,,2024-04-21,Connie Wang
Pretty Little Fears (feat. J. Cole),"6LACK,J. Cole","Pretty Little Fears (feat. J. Cole).6LACK,J. Cole",2,1,96,Rap,0.3,3,2,Falling,,2024-04-21,Connie Wang
California Rain (Intimate),Devin Kennedy,California Rain (Intimate).Devin Kennedy,1,1,74,Singer songwriter,1.0,3,2,None,,2024-04-21,Connie Wang
Dive,Olivia Dean,Dive.Olivia Dean,2,2,90,Funk pop,0.5,2,2,None,,2024-04-21,Connie Wang
Nothing Left (feat. Will Heard),"Kygo,Will Heard","Nothing Left (feat. Will Heard).Kygo,Will Heard",2,3,79,Electropop,0.2,3,3,Rising,,2024-04-21,Connie Wang
To Die For,Sam Smith,To Die For.Sam Smith,2,2,86,Drama pop,0.5,3,5,None,,2024-04-21,Connie Wang
Marvins Room,Conor Maynard,Marvins Room.Conor Maynard,1,1,81,"Covers, R&B",0.8,4,2,None,,2024-04-21,Connie Wang
Summer on You,PRETTYMUCH,Summer on You.PRETTYMUCH,3,3,100,"Singer songwriter, Pop",0.6,1,4,None,,2024-04-03,Connie Wang
Show Up,Aiza,Show Up.Aiza,3,3,86,Pop,0.4,1,2,None,,2024-04-03,Connie Wang
Why Don't You Do Right,"Beth Hart, Joe Bonamassa","Why Don't You Do Right.Beth Hart, Joe Bonamassa",3,3,106,Jazz blues,0.8,2,5,None,,2024-04-03,Connie Wang
Brain,Alia,Brain.Alia,3,3,90,Electropop,0.2,2,3,None,,2024-04-03,Connie Wang
"Let Me Go (with Alesso, Florida Georgia Line & watt)","Hailee Steinfeld,Alesso,Florida Georgia Line,WATT","Let Me Go (with Alesso, Florida Georgia Line & watt).Hailee Steinfeld,Alesso,Florida Georgia Line,WATT",3,4,103,Pop,0.4,1,5,Rising,,2024-04-03,Connie Wang
Fire for You,Cannons,Fire for You.Cannons,3,2,102,Funk pop,0.3,1,2,Falling,,2024-04-03,Connie Wang
Surrender,Daniel Johns,Surrender.Daniel Johns,2,3,94,Late night,0.4,2,3,Rising,,2024-04-03,Connie Wang
When Somebody Loves You Back,Teddy Pendergrass,When Somebody Loves You Back.Teddy Pendergrass,3,3,98,Oldies,0.7,1,3,None,Fade out at 3:44,2024-04-03,Connie Wang
Purple Hat,Sofi Tukker,Purple Hat.Sofi Tukker,3,4,94,"Electropop, Baddie pop",0.2,2,5,Rising,,2024-04-03,Connie Wang
Lil Boo Thang,Paul Russell,Lil Boo Thang.Paul Russell,4,4,114,Funk pop,0.4,1,4,None,Super short,2024-04-03,Connie Wang
Streetlights on Mars,Jackson Penn,Streetlights on Mars.Jackson Penn,3,3,91,Pop,0.4,2,4,None,,2024-04-03,Connie Wang
Si No Estás,iñigo quintero,Si No Estás.iñigo quintero,3,2,98,"Singer songwriter, Non-english",0.7,2,2,Falling,,2024-04-03,Connie Wang
Hound Dog - The Voice Performance,Kylie Rothfield,Hound Dog - The Voice Performance.Kylie Rothfield,2,4,85,"Blues, Covers",0.8,1,5,Rising,,2024-04-03,Connie Wang
Greedy,Ariana Grande,Greedy.Ariana Grande,3,4,110,"Funk pop, R&B",0.5,2,3,Rising,,2024-04-03,Connie Wang
贴贴,"胥睿,杨淳","贴贴.胥睿,杨淳",3,3,92,"Singer songwriter, Non-english",0.7,1,1,None,,2024-04-03,Connie Wang
Before I Fall,Bob Moses,Before I Fall.Bob Moses,2,2,86,"Late night, Funk pop",0.4,2,3,None,,2024-04-03,Connie Wang
Human Touch,Betty Who,Human Touch.Betty Who,2,3,103,Pop,0.3,1,5,Rising,,2024-04-03,Connie Wang
Mrs. Bubblegum,Tyga,Mrs. Bubblegum.Tyga,3,3,88,Angry Cali Late Nite,0.4,2,3,None,,2024-04-03,Connie Wang
D Is For Denny,Kirk Fletcher,D Is For Denny.Kirk Fletcher,3,3,109,Blues ,0.9,1,3,None,,2024-04-03,Connie Wang
"Head On Fire (feat. Sigrid, King Princess and MØ)","Griff,King Princess,MØ,Sigrid","Head On Fire (feat. Sigrid, King Princess and MØ).Griff,King Princess,MØ,Sigrid",4,3,96,Pop,0.3,2,2,Falling,,2024-04-03,Connie Wang
Selfish,Jordan Davis,Selfish.Jordan Davis,3,2,90,Country,0.8,1,3,Falling,,2024-04-03,Connie Wang
Nice 'n' Easy - Remastered 1999,Frank Sinatra,Nice 'n' Easy - Remastered 1999.Frank Sinatra,2,3,109,Jazz blues,0.8,2,4,Rising,Swung,2024-04-03,Connie Wang
Jealous,Ingrid Michaelson,Jealous.Ingrid Michaelson,3,3,97,Pop,0.3,2,4,None,,2024-04-03,Connie Wang
No Scrubs,TLC,No Scrubs.TLC,3,3,93,"Throwback, R&B",0.4,2,5,None,Explicit (lightly),2024-04-03,Connie Wang
SloMo,Chanel,SloMo.Chanel,3,3,105,"Pop, Non-english",0.2,3,3,None,Latin rhythm,2024-04-03,Connie Wang
My Chick Bad,"Ludacris,Nicki Minaj","My Chick Bad.Ludacris,Nicki Minaj",,,,,,,,,,2024-04-03,Connie Wang
Be Honest (feat. Burna Boy),"Jorja Smith,Burna Boy","Be Honest (feat. Burna Boy).Jorja Smith,Burna Boy",3,3,98,Afropop,0.5,2,2,None,,2024-04-03,Connie Wang
Bliss - Acoustic Version,Billy Raffoul,Bliss - Acoustic Version.Billy Raffoul,2,2,83,Singer songwriter,1.0,1,3,None,,2024-04-03,Connie Wang
Bonafide (feat. Chiiild),"Emotional Oranges,Chiiild","Bonafide (feat. Chiiild).Emotional Oranges,Chiiild",2,3,98,R&B,0.5,1,3,Rising,,2024-04-03,Connie Wang
crossed the line,Jessica Baio,crossed the line.Jessica Baio,3,4,110,"Electropop, Baddie pop",0.1,3,4,Rising,,2024-04-03,Connie Wang
Move,Jany Green,Move.Jany Green,3,3,104,Funk pop,0.5,2,3,None,,2024-04-03,Connie Wang
Come On Get Higher,Matt Nathanson,Come On Get Higher.Matt Nathanson,3,2,92,"Throwback, Singer songwriter",0.8,1,5,Falling,,2024-04-03,Connie Wang
Yanghwa BRDG,Zion.T,Yanghwa BRDG.Zion.T,1,2,87,"Singer songwriter, Non-english",0.6,2,2,Rising,,2024-04-03,Connie Wang
go with u,BAYNK,go with u.BAYNK,2,3,109,Electropop,0.2,3,4,Rising,,2024-04-03,Connie Wang
Danger - Original Mix,Blahzay Blahzay,Danger - Original Mix.Blahzay Blahzay,3,3,90,"Hip hop, Oldies, Rap",0.8,1,2,None,Explicit,2024-04-03,Connie Wang
Want It Too,Pretty Sister,Want It Too.Pretty Sister,3,2,85,Funk pop,0.5,2,2,Falling,,2024-04-03,Connie Wang
Lost in Space,Emmit Fenn,Lost in Space.Emmit Fenn,2,2,101,Late night,0.2,1,5,None,,2024-04-03,Connie Wang
Bed on Fire - Stripped,Teddy Swims,Bed on Fire - Stripped.Teddy Swims,1,1,80,Drama pop,1.0,4,5,None,,2024-04-03,Connie Wang
Do I Wanna Know,"A Girl Named Sue,JPL,Tora","Do I Wanna Know.A Girl Named Sue,JPL,Tora",2,3,90,"Pop, Covers",0.4,1,3,Rising,,2024-04-03,Connie Wang
tere bina - Acoustic,"Zaeden,Jonita Gandhi","tere bina - Acoustic.Zaeden,Jonita Gandhi",3,3,108,"Singer songwriter, Non-english",0.9,2,2,None,,2024-04-03,Connie Wang
Lean On Me,"Cheat Codes,Tinashe","Lean On Me.Cheat Codes,Tinashe",3,4,102,Electropop,0.1,2,4,Rising,A couple tricky stops,2024-04-03,Connie Wang
Lost,Blake Rose,Lost.Blake Rose,3,3,95,Pop,0.2,1,5,None,,2024-04-03,Connie Wang
how deep?,Tai Verdes,how deep?.Tai Verdes,2,2,97,"Pop, Rap",0.4,3,1,None,,2024-04-03,Connie Wang
Over-the-Ocean Call,Lizzy McAlpine,Over-the-Ocean Call.Lizzy McAlpine,2,2,92,Pop,0.8,2,3,None,,2024-04-03,Connie Wang
Tricky,"Shoffy,Sabrina Carpenter","Tricky.Shoffy,Sabrina Carpenter",2,3,90,Funk pop,0.4,2,4,Rising,,2024-04-03,Connie Wang
Beyonce,AMARNI,Beyonce.AMARNI,3,3,100,"Angry Cali Late Nite, Baddie pop",0.2,3,3,None,Explicit,2024-04-03,Connie Wang
Don't Speak,"Chaël,kaii","Don't Speak.Chaël,kaii",2,3,108,"Electropop, Covers",0.2,4,2,Rising,,2024-04-03,Connie Wang
The Mates of Soul (Remastered),Taylor John Williams,The Mates of Soul (Remastered).Taylor John Williams,1,2,95,Oldies,0.9,1,5,Rising,,2024-04-03,Connie Wang
do u really? (with Ruth B.),"Lyn Lapid,Ruth B.","do u really? (with Ruth B.).Lyn Lapid,Ruth B.",2,2,87,Singer songwriter,0.6,2,4,None,,2024-04-03,Connie Wang
Eyes Closed,Ed Sheeran,Eyes Closed.Ed Sheeran,2,3,107,Singer songwriter,0.5,2,5,Rising,,2024-03-27,Connie Wang
Oxytocin,Chandler Leighton,Oxytocin.Chandler Leighton,3,3,93,Pop,0.3,1,3,None,,2024-03-27,Connie Wang
Au soleil - Souvenirs d'été,Marie-Flore,Au soleil - Souvenirs d'été.Marie-Flore,2,3,100,"Late night, Non-english",0.2,3,2,Rising,Very light latin beat,2024-03-27,Connie Wang
I'm a Slave 4 U,Britney Spears,I'm a Slave 4 U.Britney Spears,3,4,110,Pop,0.4,3,4,Rising,,2024-03-27,Connie Wang
Anti-Hero - Acoustic Version,Taylor Swift,Anti-Hero - Acoustic Version.Taylor Swift,3,3,97,Singer songwriter,0.9,2,5,None,,2024-03-27,Connie Wang
Blue Moon,Flora Martínez,Blue Moon.Flora Martínez,2,3,110,"Jazz blues, Covers",1.0,2,3,Rising,,2024-03-27,Connie Wang
Take Me Where Your Heart Is,Q,Take Me Where Your Heart Is.Q,2,2,90,R&B,0.5,1,3,None,,2024-03-27,Connie Wang
Times Square,Neon Dreams,Times Square.Neon Dreams,2,1,94,Drama pop,0.8,3,5,Falling,,2024-03-27,Connie Wang
Oh My God,Adele,Oh My God.Adele,2,3,88,Pop,0.1,2,4,Rising,,2024-03-27,Connie Wang
Like That,"GRACEY,Alexander 23","Like That.GRACEY,Alexander 23",3,4,114,Pop,0.4,2,2,Rising,,2024-03-27,Connie Wang
RED,Blake and Miles,RED.Blake and Miles,2,3,95,"Pop, Rap",0.4,2,3,Rising,Explicit,2024-03-27,Connie Wang
You're the One That I Want,"Dylan Rockoff,Caroline Kole","You're the One That I Want.Dylan Rockoff,Caroline Kole",3,2,85,"Singer songwriter, Covers",0.9,1,4,Falling,,2024-03-27,Connie Wang
Johnnie Walker,Spritely,Johnnie Walker.Spritely,1,2,97,Pop,0.5,2,4,Rising,Explicit (lightly),2024-03-27,Connie Wang
Candy,Ruben,Candy.Ruben,2,3,103,Pop,0.3,2,5,Rising,,2024-03-27,Connie Wang
R U Mine?,Arctic Monkeys,R U Mine?.Arctic Monkeys,4,3,97,Rock,0.7,5,2,Falling,,2024-03-27,Connie Wang
Un Deux Trois,MUNYA,Un Deux Trois.MUNYA,3,4,117,"Pop, Non-english",0.2,3,2,Rising,,2024-03-27,Connie Wang
Shine On,Eric Bibb,Shine On.Eric Bibb,3,3,93,Country,0.8,2,4,None,,2024-03-27,Connie Wang
This City Remix (feat. Anne-Marie),"Sam Fischer,Anne-Marie","This City Remix (feat. Anne-Marie).Sam Fischer,Anne-Marie",2,2,78,Singer songwriter,1.0,3,4,None,,2024-03-27,Connie Wang
The Other Side,Axel Mansoor,The Other Side.Axel Mansoor,2,2,87,Pop,0.4,2,3,None,,2024-03-27,Connie Wang
greedy,Tate McRae,greedy.Tate McRae,3,3,112,Baddie pop,0.3,3,4,None,Explicit,2024-03-27,Connie Wang
Ask For It,Future Animals,Ask For It.Future Animals,3,3,92,Late night,0.3,3,5,None,,2024-03-27,Connie Wang
Lochloosa,JJ Grey & Mofro,Lochloosa.JJ Grey & Mofro,2,2,69,Blues ,0.8,3,5,None,,2024-03-27,Connie Wang
Trade it for the Night - Single Version,HAEVN,Trade it for the Night - Single Version.HAEVN,3,3,100,Late night,0.1,3,3,None,,2024-03-27,Connie Wang
Glass of Whisky,Sara Diamond,Glass of Whisky.Sara Diamond,2,2,84,R&B,0.5,2,4,None,,2024-03-27,Connie Wang
Let Me Love You - Acoustic Version,Mario,Let Me Love You - Acoustic Version.Mario,1,2,93,R&B,0.8,3,4,Rising,Fade out at 4:18,2024-03-27,Connie Wang
Young Love,Falcon,Young Love.Falcon,3,3,112,Pop,0.2,2,3,None,,2024-03-27,Connie Wang
Sunday Morning,Maroon 5,Sunday Morning.Maroon 5,2,2,88,Pop,0.7,2,5,None,,2024-03-27,Connie Wang
Blinding Lights,Loi,Blinding Lights.Loi,1,1,86,"Late night, Covers",0.9,3,4,None,,2024-03-27,Connie Wang
Let the Rhythm Just,"The Polish Ambassador,Mr. Lif,Ayla Nereo","Let the Rhythm Just.The Polish Ambassador,Mr. Lif,Ayla Nereo",3,3,98,"Throwback, Late night, Rap",0.3,1,5,None,,2024-03-02,Connie Wang
Semblant,Laurence Nerbonne,Semblant.Laurence Nerbonne,3,3,98,"Pop, Non-english",0.3,1,2,None,,2024-03-02,Connie Wang
Shivers,OSIS,Shivers.OSIS,2,2,76,Covers,0.9,2,4,None,Ends abruptly. Country feel,2024-03-02,Connie Wang
Son of a Preacher Man,Dusty Springfield,Son of a Preacher Man.Dusty Springfield,2,3,91,Oldies,0.8,1,5,Rising,,2024-03-02,Connie Wang
You're Sexy I'm Sexy,Eric Nam,You're Sexy I'm Sexy.Eric Nam,3,4,110,Pop,0.5,2,2,Rising,Clean but inappropriate,2024-03-02,Connie Wang
Hey Cowboy,Devon Cole,Hey Cowboy.Devon Cole,3,3,91,Country,0.2,1,4,None,,2024-03-02,Connie Wang
Save Us,Lennon Stella,Save Us.Lennon Stella,2,2,90,Pop,0.3,2,4,None,,2024-03-02,Connie Wang
He's A Tramp,Melody Gardot,He's A Tramp.Melody Gardot,3,3,105,"Jazz blues, Covers",0.8,1,3,None,,2024-03-02,Connie Wang
Wow.,Post Malone,Wow..Post Malone,2,3,100,Angry Cali Late Nite,0.5,2,5,Rising,"Clean version, start at 0:08, stop early",2024-03-02,Connie Wang
Higher (Escalators),"Bakermat,Nic Hanson","Higher (Escalators).Bakermat,Nic Hanson",4,4,110,Funk pop,0.4,2,4,None,,2024-03-02,Connie Wang
Come On Over,Pretty Sister,Come On Over.Pretty Sister,3,3,96,"Covers, Funk pop",0.6,1,3,None,,2024-03-02,Connie Wang
Bliss - Acoustic Version,Billy Raffoul,Bliss - Acoustic Version.Billy Raffoul,2,2,83,Singer songwriter,1.0,1,3,None,,2024-03-02,Connie Wang
Candy,Kah-Lo,Candy.Kah-Lo,2,3,113,Pop,0.3,2,5,Rising,,2024-03-02,Connie Wang
Let's Rock,Chrisette Michele,Let's Rock.Chrisette Michele,3,2,92,"Oldies, Hip hop",0.5,1,3,Falling,Fade out early,2024-03-02,Connie Wang
Lean On Me,"Cheat Codes,Tinashe","Lean On Me.Cheat Codes,Tinashe",3,4,102,Electropop,0.1,2,4,Rising,A couple tricky stops,2024-03-02,Connie Wang
Lil Boo Thang,Paul Russell,Lil Boo Thang.Paul Russell,4,4,114,Funk pop,0.4,1,4,None,Super short,2024-03-02,Connie Wang
Love U Like That,Lauv,Love U Like That.Lauv,3,3,95,Pop,0.2,2,4,None,,2024-03-02,Connie Wang
9 to 5 (FROM THE STILL WORKING 9 TO 5 DOCUMENTARY),"Kelly Clarkson,Dolly Parton","9 to 5 (FROM THE STILL WORKING 9 TO 5 DOCUMENTARY).Kelly Clarkson,Dolly Parton",2,3,94,Country,0.7,2,2,Rising,End a little early,2024-03-02,Connie Wang
Lights Down Low,MAX,Lights Down Low.MAX,2,2,81,Singer songwriter,0.9,2,5,None,End at 3:36,2024-03-02,Connie Wang
Memo,Olly Alexander (Years & Years),Memo.Olly Alexander (Years & Years),1,1,84,Late night,0.2,2,4,None,,2024-03-02,Connie Wang
Stuck In My Head (feat. AJ Mitchell),"Captain Cuts,AJ Mitchell","Stuck In My Head (feat. AJ Mitchell).Captain Cuts,AJ Mitchell",2,3,102,Pop,0.2,1,4,Rising,,2024-03-02,Connie Wang
How Deep Is Your Love (feat. Yebba) - Live,"PJ Morton,Yebba","How Deep Is Your Love (feat. Yebba) - Live.PJ Morton,Yebba",3,3,93,"Oldies, Covers",0.9,1,4,None,Fade out early,2024-03-02,Connie Wang
My Game,Deluxe,My Game.Deluxe,4,3,115,Funk pop,0.5,2,5,Falling,,2024-03-02,Connie Wang
Ooh Wee,Your Smith,Ooh Wee.Your Smith,3,3,96,Funk pop,0.4,2,2,None,Tricky start,2024-03-02,Connie Wang
Thoughts,Sasha Alex Sloan,Thoughts.Sasha Alex Sloan,2,2,90,Singer songwriter,0.5,2,2,None,,2024-03-02,Connie Wang
How Will I Know,Sam Smith,How Will I Know.Sam Smith,2,1,85,Drama pop,0.9,3,4,Falling,,2024-03-02,Connie Wang
Little Lover (TEEMID Remix),Nick Broadhurst,Little Lover (TEEMID Remix).Nick Broadhurst,2,2,99,Late night,0.3,2,2,None,,2024-03-02,Connie Wang
LIKE PELÉ,"Killa,Lucca DL","LIKE PELÉ.Killa,Lucca DL",3,3,120,Angry Cali Late Nite,0.3,3,2,None,,2024-03-02,Connie Wang
Adore You,Maisie Peters,Adore You.Maisie Peters,3,3,91,Pop,0.4,1,3,None,,2024-03-02,Connie Wang
Got to Be Real - Single Version,Cheryl Lynn,Got to Be Real - Single Version.Cheryl Lynn,4,5,115,Oldies,0.7,2,5,Rising,,2024-03-02,Connie Wang
The Devil,BANKS,The Devil.BANKS,3,3,94,Baddie pop,0.2,2,3,None,,2024-03-02,Connie Wang
Find Ich Dich,Emilio,Find Ich Dich.Emilio,3,3,75,"Pop, Non-english",0.3,3,2,None,Half/double time,2024-03-02,Connie Wang
Jurass Finish First,Jurassic 5,Jurass Finish First.Jurassic 5,3,3,101,"Oldies, Rap",0.7,1,3,None,"Fade out at 3:28, Explicit",2024-03-02,Connie Wang
erase me (feat. Jacob Collier),"Lizzy McAlpine,Jacob Collier","erase me (feat. Jacob Collier).Lizzy McAlpine,Jacob Collier",2,3,93,Singer songwriter,0.6,3,2,Rising,,2024-03-02,Connie Wang
Move With Me,Locals Only Sound,Move With Me.Locals Only Sound,3,3,124,Late night,0.5,3,2,None,,2024-03-02,Connie Wang
"Jumpin', Jumpin'",Destiny's Child,"Jumpin', Jumpin'.Destiny's Child",4,4,89,"Throwback, R&B",0.4,3,5,None,End at 3:43,2024-03-02,Connie Wang
tere bina - Acoustic,"Zaeden,Jonita Gandhi","tere bina - Acoustic.Zaeden,Jonita Gandhi",3,3,108,"Singer songwriter, Non-english",0.9,2,2,None,,2024-03-02,Connie Wang
Fair Play - Acoustic Version,"Malaki,Lucy McWilliams","Fair Play - Acoustic Version.Malaki,Lucy McWilliams",2,2,88,"Late night, Rap",0.9,1,3,None,End at 4:13,2024-03-02,Connie Wang
Move,Jany Green,Move.Jany Green,3,3,104,Funk pop,0.5,2,3,None,,2024-03-02,Connie Wang
Tea,Noah Davis,Tea.Noah Davis,3,3,88,Baddie pop,0.3,1,3,None,Explicit,2024-03-02,Connie Wang
Sober - Acoustic,Joy Oladokun,Sober - Acoustic.Joy Oladokun,2,3,82,Singer songwriter,0.9,2,4,Rising,,2024-03-02,Connie Wang
The Wire,Patrick Droney,The Wire.Patrick Droney,2,3,95,Pop,0.6,2,3,Rising,,2024-03-02,Connie Wang
Us,MOVEMENT,Us.MOVEMENT,2,2,90,Late night,0.3,2,5,None,,2024-03-02,Connie Wang
Things Are Changin' - Solo Acoustic; Live,Gary Clark Jr.,Things Are Changin' - Solo Acoustic; Live.Gary Clark Jr.,2,1,86,"Singer songwriter, Soul",0.9,2,5,Falling,End at 4:28,2024-03-02,Connie Wang
Body Say,Demi Lovato,Body Say.Demi Lovato,3,3,87,Pop,0.4,1,3,None,Clean but inappropriate,2024-02-16,Connie Wang
"Layla - Acoustic; Live at MTV Unplugged, Bray Film Studios, Windsor, England, UK, 1/16/1992; 1999 Remaster",Eric Clapton,"Layla - Acoustic; Live at MTV Unplugged, Bray Film Studios, Windsor, England, UK, 1/16/1992; 1999 Remaster.Eric Clapton",3,3,94,Oldies,1.0,1,5,None,End at 4:24,2024-02-16,Connie Wang
Do Me Like A Drug,Emmanuel Franco,Do Me Like A Drug.Emmanuel Franco,3,3,107,Funk pop,0.4,1,5,None,,2024-02-16,Connie Wang
Working For The Weekend (feat. bbno$),"MAX,bbno$","Working For The Weekend (feat. bbno$).MAX,bbno$",3,4,101,"Pop, Rap",0.3,1,3,Rising,,2024-02-16,Connie Wang
Selfish,Jordan Davis,Selfish.Jordan Davis,3,2,90,Country,0.8,1,3,Falling,,2024-02-16,Connie Wang
Glow,Susan H,Glow.Susan H,2,3,96,Pop,0.3,2,3,Rising,,2024-02-16,Connie Wang
Mrs. Bubblegum,Tyga,Mrs. Bubblegum.Tyga,3,3,88,Angry Cali Late Nite,0.4,2,3,None,,2024-02-16,Connie Wang
Naughty Girl,Beyoncé,Naughty Girl.Beyoncé,4,3,100,"Throwback, Baddie pop",0.3,1,5,Falling,,2024-02-16,Connie Wang
Ife's Blues,Brother Yusef,Ife's Blues.Brother Yusef,3,3,126,Blues,1.0,3,3,None,End at 2:33,2024-02-16,Connie Wang
Light On,Maggie Rogers,Light On.Maggie Rogers,3,3,102,Singer songwriter,0.5,2,3,None,,2024-02-16,Connie Wang
Rich Spirit,Kendrick Lamar,Rich Spirit.Kendrick Lamar,2,3,96,Rap,0.5,1,3,Rising,,2024-02-16,Connie Wang
Sweatshirt,"Patrick Hizon,EJEAN","Sweatshirt.Patrick Hizon,EJEAN",2,2,83,Singer songwriter,0.8,1,3,None,,2024-02-16,Connie Wang
To Die For,Sam Smith,To Die For.Sam Smith,2,2,86,Drama pop,0.5,3,5,None,,2024-02-16,Connie Wang
headlock,"Marshall,Lindsey Ray,Tep No","headlock.Marshall,Lindsey Ray,Tep No",3,3,96,Pop,0.3,2,2,None,,2024-02-16,Connie Wang
Nuttin' But Love,Heavy D & The Boyz,Nuttin' But Love.Heavy D & The Boyz,3,3,101,"Hip hop, Oldies",0.7,1,3,None,,2024-02-16,Connie Wang
Naked,"Jonas Blue,MAX","Naked.Jonas Blue,MAX",3,4,115,Pop,0.4,3,3,Rising,,2024-02-16,Connie Wang
Next Big Thing,West Rose,Next Big Thing.West Rose,4,4,104,Baddie pop,0.4,3,2,None,,2024-02-16,Connie Wang
Tainted Love,"Trinix,Queen D","Tainted Love.Trinix,Queen D",3,3,90,"Covers, Late night",0.1,2,4,None,,2024-02-16,Connie Wang
Shine On,Eric Bibb,Shine On.Eric Bibb,3,3,93,Country,0.8,2,4,None,,2024-02-16,Connie Wang
Forgive Me,"Sofi Tukker,Mahmut Orhan","Forgive Me.Sofi Tukker,Mahmut Orhan",2,3,100,Electropop,0.2,4,4,Rising,,2024-02-16,Connie Wang
just the two of us,Avenue Beat,just the two of us.Avenue Beat,3,3,88,"Singer songwriter, Covers",0.6,1,3,None,,2024-02-16,Connie Wang
Like That,"GRACEY,Alexander 23","Like That.GRACEY,Alexander 23",3,4,114,Pop,0.4,2,2,Rising,,2024-02-16,Connie Wang
Pony,Deluxe,Pony.Deluxe,3,4,103,Pop,0.2,1,4,Rising,Electroswing,2024-02-16,Connie Wang
edamame,"bbno$,Rich Brian","edamame.bbno$,Rich Brian",4,4,106,Rap,0.2,2,5,None,Clean version,2024-02-16,Connie Wang
贴贴,"胥睿,杨淳","贴贴.胥睿,杨淳",3,3,92,"Singer songwriter, Non-english",0.7,1,1,None,,2024-02-16,Connie Wang
Quick Musical Doodles,Two Feet,Quick Musical Doodles.Two Feet,2,2,85,Baddie pop,0.1,4,5,None,,2024-02-16,Connie Wang
Too Well,Reneé Rapp,Too Well.Reneé Rapp,2,3,121,Pop,0.3,3,3,Rising,,2024-02-16,Connie Wang
So Pretty,"Reyanna Maria,Tyga","So Pretty.Reyanna Maria,Tyga",4,4,94,"Baddie pop, Rap, Angry Cali Late Nite",0.1,2,2,None,Clean version (but it's still pretty inappropriate),2024-02-16,Connie Wang
Be Honest (feat. Burna Boy),"Jorja Smith,Burna Boy","Be Honest (feat. Burna Boy).Jorja Smith,Burna Boy",3,3,98,Afropop,0.5,2,2,None,,2024-02-16,Connie Wang
Streetlights on Mars,Jackson Penn,Streetlights on Mars.Jackson Penn,3,3,91,Pop,0.4,2,4,None,,2024-02-16,Connie Wang
Breathin',Asylum Street Spankers,Breathin'.Asylum Street Spankers,2,3,106,Jazz blues,0.9,2,3,Rising,"Swung, end at 2:39 (very important)",2024-02-16,Connie Wang
do u really? (with Ruth B.),"Lyn Lapid,Ruth B.","do u really? (with Ruth B.).Lyn Lapid,Ruth B.",2,2,87,Singer songwriter,0.6,2,4,None,,2024-02-16,Connie Wang
California Rain (Intimate),Devin Kennedy,California Rain (Intimate).Devin Kennedy,1,1,74,Singer songwriter,1.0,3,2,None,,2024-02-16,Connie Wang
AFU,CAL,AFU.CAL,2,3,94,Pop,0.5,1,4,Rising,Explicit,2024-02-16,Connie Wang
crossed the line,Jessica Baio,crossed the line.Jessica Baio,3,4,110,"Electropop, Baddie pop",0.1,3,4,Rising,,2024-02-16,Connie Wang
Feelin' Myself,"will.i.am,Miley Cyrus,French Montana,Wiz Khalifa,Mustard","Feelin' Myself.will.i.am,Miley Cyrus,French Montana,Wiz Khalifa,Mustard",3,3,96,Rap,0.6,3,4,None,Explicit,2024-02-16,Connie Wang
Heartbreak Magic,Riah,Heartbreak Magic.Riah,2,3,87,"Late night, Funk pop",0.3,4,3,Rising,,2024-02-16,Connie Wang
Rockabye,The Mayries,Rockabye.The Mayries,2,2,77,"Singer songwriter, Covers",0.9,1,4,None,,2024-02-16,Connie Wang
omg,Marian Hill,omg.Marian Hill,2,3,93,"Electropop, Baddie pop",0.1,3,4,Rising,Explicit,2024-02-16,Connie Wang
Violet,"Connor Price,Killa","Violet.Connor Price,Killa",3,4,120,Angry Cali Late Nite,0.5,3,3,Rising,,2024-02-16,Connie Wang
Blank Space (Taylor's Version),Taylor Swift,Blank Space (Taylor's Version).Taylor Swift,3,3,96,Pop,0.3,1,5,None,,2024-02-16,Connie Wang
Like This,Jake Scott,Like This.Jake Scott,2,3,96,Singer songwriter,0.4,2,3,Rising,,2024-02-16,Connie Wang
Grace's Amazing Hands,Dave Barnes,Grace's Amazing Hands.Dave Barnes,2,2,75,Oldies,0.9,2,5,None,,2024-02-16,Connie Wang
Yanghwa BRDG,Zion.T,Yanghwa BRDG.Zion.T,1,2,87,"Singer songwriter, Non-english",0.6,2,2,Rising,,2024-02-16,Connie Wang
Spiritual Man,LANKS,Spiritual Man.LANKS,2,3,94,Electropop,0.2,1,2,Rising,,2024-02-16,Connie Wang
You're Sexy I'm Sexy,Eric Nam,You're Sexy I'm Sexy.Eric Nam,3,4,110,Pop,0.5,2,2,Rising,Clean but inappropriate,2024-02-16,Connie Wang
Written in the Sand,Old Dominion,Written in the Sand.Old Dominion,2,2,84,Country,0.7,2,3,None,,2024-02-16,Connie Wang
Bound,Indiana,Bound.Indiana,2,2,90,Baddie pop,0.2,1,4,None,,2024-02-16,Connie Wang
What Was I Made For?,Billie Eilish,What Was I Made For?.Billie Eilish,1,1,79,Drama pop,0.8,3,3,None,End at 3:33,2024-02-16,Connie Wang
Everybody Wants You,Red Hearse,Everybody Wants You.Red Hearse,1,2,96,Late night,0.8,3,5,Rising,,2024-02-16,Connie Wang
Ich kenne nichts (das so schön ist wie du) - Radio-Edit,"Xavier Naidoo,RZA","Ich kenne nichts (das so schön ist wie du) - Radio-Edit.Xavier Naidoo,RZA",2,2,88,"Late night, Non-english",0.2,2,2,None,"Fade in at 0:24, end at 5:25",2024-02-16,Connie Wang
Fire for You,Cannons,Fire for You.Cannons,3,2,102,Funk pop,0.3,1,2,Falling,,2024-01-24,Connie Wang
just the two of us,Avenue Beat,just the two of us.Avenue Beat,3,3,88,"Singer songwriter, Covers",0.6,1,3,None,,2024-01-24,Connie Wang
STRUT,EMELINE,STRUT.EMELINE,3,4,110,Baddie pop,0.3,2,4,Rising,Clean version; Electroswing vibes,2024-01-24,Connie Wang
Push,EquallyOpposite,Push.EquallyOpposite,3,3,104,Rap,0.3,2,3,None,,2024-01-24,Connie Wang
Brooklyn,Patrick Droney,Brooklyn.Patrick Droney,2,3,100,Pop,0.7,1,5,Rising,,2024-01-24,Connie Wang
Peel Me A Grape,Diana Krall,Peel Me A Grape.Diana Krall,2,1,89,Jazz blues ,0.9,2,5,Falling,Slow fade out at 4:15,2024-01-24,Connie Wang
People,Libianca,People.Libianca,1,2,99,Afropop,0.5,3,4,Rising,Afro rhythm,2024-01-24,Connie Wang
Boyfriend,Mabel,Boyfriend.Mabel,3,3,100,Pop,0.4,1,4,None,,2024-01-24,Connie Wang
Home,Klangkarussell,Home.Klangkarussell,3,3,113,Electropop,0.1,2,3,None,,2024-01-24,Connie Wang
Streetlights on Mars,Jackson Penn,Streetlights on Mars.Jackson Penn,3,3,91,Pop,0.4,2,4,None,,2024-01-24,Connie Wang
Wow.,Post Malone,Wow..Post Malone,2,3,100,Angry Cali Late Nite,0.5,2,5,Rising,"Clean version, start at 0:08, stop early",2024-01-24,Connie Wang
Little Lover (TEEMID Remix),Nick Broadhurst,Little Lover (TEEMID Remix).Nick Broadhurst,2,2,99,Late night,0.3,2,2,None,,2024-01-24,Connie Wang
Die A Happy Man,Joseph Vincent,Die A Happy Man.Joseph Vincent,2,2,84,"Country, Covers",1.0,2,4,None,,2024-01-24,Connie Wang
WONDER,morgxn,WONDER.morgxn,2,3,100,Electropop,0.1,2,2,Rising,,2024-01-24,Connie Wang
Makeba,Jain,Makeba.Jain,3,3,116,Funk pop,0.4,2,2,None,Fade out at 2:50??,2024-01-24,Connie Wang
Semblant,Laurence Nerbonne,Semblant.Laurence Nerbonne,3,3,98,"Pop, Non-english",0.3,1,2,None,,2024-01-24,Connie Wang
Working For The Weekend (feat. bbno$),"MAX,bbno$","Working For The Weekend (feat. bbno$).MAX,bbno$",3,4,101,"Pop, Rap",0.3,1,3,Rising,,2024-01-24,Connie Wang
Move With Me,Locals Only Sound,Move With Me.Locals Only Sound,3,3,124,Late night,0.5,3,2,None,,2024-01-24,Connie Wang
Dive,Olivia Dean,Dive.Olivia Dean,2,2,90,Funk pop,0.5,2,2,None,Fade out at 3:05,2024-01-24,Connie Wang
Take Me To The River,Kaleida,Take Me To The River.Kaleida,2,3,98,"Pop, Late night",0.4,1,5,Rising,,2024-01-24,Connie Wang
Can We Be Friends?,Claire Ridgely,Can We Be Friends?.Claire Ridgely,3,3,101,Funk pop,0.5,3,2,None,,2024-01-24,Connie Wang
SloMo,Chanel,SloMo.Chanel,3,3,105,"Pop, Non-english",0.2,3,3,None,Latin rhythm,2024-01-24,Connie Wang
Missing You,Betty Who,Missing You.Betty Who,3,3,96,"Throwback, Pop",0.5,2,5,None,,2024-01-24,Connie Wang
Coke & Henny Pt. 2,Pink Sweat$,Coke & Henny Pt. 2.Pink Sweat$,2,2,90,Singer songwriter,0.7,1,4,None,End at 2:30,2024-01-24,Connie Wang
everything i wanted,Billie Eilish,everything i wanted.Billie Eilish,2,3,120,Late night,0.4,3,4,Rising,,2024-01-24,Connie Wang
Lost In Space,Emmit Fenn,Lost In Space.Emmit Fenn,2,2,101,Late night,0.2,1,5,None,,2024-01-24,Connie Wang
Levitating,Dua Lipa,Levitating.Dua Lipa,3,4,103,Pop,0.3,1,5,Rising,,2024-01-24,Connie Wang
Bad Mood - Roger's Nu Solution Vocal,Lonnie Gordon,Bad Mood - Roger's Nu Solution Vocal.Lonnie Gordon,3,4,119,Oldies,0.4,3,4,Rising,End at 2:50??,2024-01-24,Connie Wang
Chuck Taylor,"Connor Price,SIRI","Chuck Taylor.Connor Price,SIRI",3,4,102,Angry Cali Late Nite,0.3,2,2,Rising,,2024-01-24,Connie Wang
Jamming,Juzzie Smith,Jamming.Juzzie Smith,3,3,96,Blues ,0.8,2,4,None,,2024-01-24,Connie Wang
better off,"Jeremy Zucker,Chelsea Cutler","better off.Jeremy Zucker,Chelsea Cutler",2,2,99,Singer songwriter,0.9,3,3,None,,2024-01-24,Connie Wang
Five More Minutes,Jonas Brothers,Five More Minutes.Jonas Brothers,2,2,94,Pop,0.3,1,4,None,,2024-01-24,Connie Wang
Coming Over - filous Remix,"James Hersey,filous","Coming Over - filous Remix.James Hersey,filous",2,3,110,Electropop,0.2,2,3,Rising,End at 3:15,2024-01-24,Connie Wang
Poison,NEZZA,Poison.NEZZA,3,3,96,Baddie pop,0.2,2,3,None,,2024-01-24,Connie Wang
Paint The Town Red,Doja Cat,Paint The Town Red.Doja Cat,3,3,100,Angry Cali Late Nite,0.4,2,4,None,Explicit,2024-01-24,Connie Wang
u turn me on (but u give me depression),LØLØ,u turn me on (but u give me depression).LØLØ,3,3,118,"Pop, Rock",0.3,3,3,None,Explicit,2024-01-24,Connie Wang
Ask For It,Future Animals,Ask For It.Future Animals,3,3,92,Late night,0.3,3,5,None,,2024-01-24,Connie Wang
You Should Probably Leave,Chris Stapleton,You Should Probably Leave.Chris Stapleton,2,2,93,Country,0.7,1,5,None,,2024-01-24,Connie Wang
Where I Stood,Missy Higgins,Where I Stood.Missy Higgins,2,2,72,"Singer songwriter, Drama pop",0.8,3,4,None,End at 4:12,2024-01-24,Connie Wang
Miss You - Aslove Remix,"Carla Bruni,Aslove","Miss You - Aslove Remix.Carla Bruni,Aslove",2,2,100,Pop,0.5,1,3,None,,2024-01-24,Connie Wang
Purple Hat,Sofi Tukker,Purple Hat.Sofi Tukker,3,4,94,"Electropop, Baddie pop",0.2,2,5,Rising,,2024-01-24,Connie Wang
SexyBack,"Ilkan Gunuc,Clara Stegall","SexyBack.Ilkan Gunuc,Clara Stegall",4,3,100,"Angry Cali Late Nite, Covers",0.1,3,3,Falling,"Mild Bollywood influence, Explicit",2024-01-24,Connie Wang
Faded,Izzy Bizu,Faded.Izzy Bizu,3,3,107,Pop,0.4,3,4,None,,2024-01-24,Connie Wang
Beyonce,AMARNI,Beyonce.AMARNI,3,3,100,"Angry Cali Late Nite, Baddie pop",0.2,3,3,None,Explicit,2024-01-24,Connie Wang
Forrest Gump,Frank Ocean,Forrest Gump.Frank Ocean,2,2,95,R&B,0.4,2,4,None,,2024-01-24,Connie Wang
Dancing On My Own,Calum Scott,Dancing On My Own.Calum Scott,2,2,113,Drama pop,0.8,4,5,None,,2024-01-24,Connie Wang
Genie in a Bottle,Sofia Karlberg,Genie in a Bottle.Sofia Karlberg,2,1,74,"Singer songwriter, Covers",0.6,4,4,Falling,,2024-01-24,Connie Wang
Afire Love,Ed Sheeran,Afire Love.Ed Sheeran,1,2,98,Late night,0.8,2,4,Rising,"Start at 0:15, End at 5:05",2024-01-24,Connie Wang
Coffee,Billy Raffoul,Coffee.Billy Raffoul,3,2,93,Singer songwriter,0.9,1,2,Falling,,2024-01-21,Connie Wang
Lil Boo Thang,Paul Russell,Lil Boo Thang.Paul Russell,4,4,114,Funk pop,0.4,1,4,None,Super short,2024-01-21,Connie Wang
Money,Leikeli47,Money.Leikeli47,3,3,100,Rap,0.6,1,5,None,,2024-01-21,Connie Wang
Flatline,Two Feet,Flatline.Two Feet,3,4,107,"Baddie pop, Electropop",0.2,2,3,Rising,,2024-01-21,Connie Wang
Touch My Body,Mariah Carey,Touch My Body.Mariah Carey,3,2,79,"Throwback, R&B",0.6,2,5,Falling,Clean but inappropriate,2024-01-21,Connie Wang
Collide - Acoustic Version,Howie Day,Collide - Acoustic Version.Howie Day,2,2,90,Singer songwriter,1.0,2,5,None,,2024-01-21,Connie Wang
Si No Estás,iñigo quintero,Si No Estás.iñigo quintero,3,2,98,"Singer songwriter, Non-english",0.7,2,2,Falling,,2024-01-21,Connie Wang
My Love,Kingsley,My Love.Kingsley,2,3,111,Funk pop,0.3,2,1,Rising,Explicit,2024-01-21,Connie Wang
21 Questions,"50 Cent,Nate Dogg","21 Questions.50 Cent,Nate Dogg",3,3,92,"Throwback, Rap",0.6,1,3,None,Clean version,2024-01-21,Connie Wang
Vibe,Mullally,Vibe.Mullally,3,4,100,Funk pop,0.2,2,4,Rising,,2024-01-21,Connie Wang
In The Arms Of A Stranger - Brian Kierulf Remix,"Mike Posner,Brian Kierulf","In The Arms Of A Stranger - Brian Kierulf Remix.Mike Posner,Brian Kierulf",3,3,98,Electropop,0.1,1,4,None,,2024-01-21,Connie Wang
Hey Cowboy,Devon Cole,Hey Cowboy.Devon Cole,3,3,91,Country,0.2,1,4,None,,2024-01-21,Connie Wang
People I Don't Like,UPSAHL,People I Don't Like.UPSAHL,3,3,90,Baddie pop,0.2,1,4,None,,2024-01-21,Connie Wang
Sure Thing,Miguel,Sure Thing.Miguel,3,3,81,R&B,0.4,2,5,None,,2024-01-21,Connie Wang
My Love,Kingsley,My Love.Kingsley,2,3,111,Funk pop,0.3,2,1,Rising,Explicit,2024-01-21,Connie Wang
Valleys,Honors,Valleys.Honors,3,3,80,Late night,0.2,3,5,None,,2024-01-21,Connie Wang
Move,Jany Green,Move.Jany Green,3,3,104,Funk pop,0.5,2,3,None,,2024-01-21,Connie Wang
Rudimental,Mei Jun,Rudimental.Mei Jun,2,2,93,"Singer songwriter, R&B",0.8,1,2,None,Explicit,2024-01-21,Connie Wang
Talia,King Princess,Talia.King Princess,2,2,91,Pop,0.4,3,4,None,,2024-01-21,Connie Wang
Pray For Me (with Kendrick Lamar),"The Weeknd,Kendrick Lamar","Pray For Me (with Kendrick Lamar).The Weeknd,Kendrick Lamar",3,3,101,"Baddie pop, Rap",0.3,2,4,None,,2024-01-21,Connie Wang
Alcohol-Free,TWICE,Alcohol-Free.TWICE,3,4,97,"Pop, Non-english",0.4,4,1,Rising,,2024-01-21,Connie Wang
tere bina - Acoustic,"Zaeden,Jonita Gandhi","tere bina - Acoustic.Zaeden,Jonita Gandhi",3,3,108,"Singer songwriter, Non-english",0.9,2,2,None,,2024-01-21,Connie Wang
What Was I Made For?,Billie Eilish,What Was I Made For?.Billie Eilish,1,1,79,Drama pop,0.8,3,3,None,End at 3:33,2024-01-21,Connie Wang
What It Is (Solo Version),Doechii,What It Is (Solo Version).Doechii,3,3,86,"Rap, Baddie pop",0.6,2,3,None,Explicit,2024-01-21,Connie Wang
Trade it for the Night - Single Version,HAEVN,Trade it for the Night - Single Version.HAEVN,3,3,100,Late night,0.1,3,3,None,,2024-01-21,Connie Wang
没有说过的话,Ryan.B,没有说过的话.Ryan.B,3,3,108,"Singer songwriter, Non-english",0.5,2,2,None,,2024-01-21,Connie Wang
Guitar,Pink Sweat$,Guitar.Pink Sweat$,2,2,90,Singer songwriter,0.9,2,3,None,,2024-01-21,Connie Wang
Over-the-Ocean Call,Lizzy McAlpine,Over-the-Ocean Call.Lizzy McAlpine,2,2,92,Pop,0.8,2,3,None,,2024-01-21,Connie Wang
Say So - Vasco Remix,"Terror Jr,Vasco","Say So - Vasco Remix.Terror Jr,Vasco",2,3,98,Electropop,0.1,4,3,Rising,Explicit,2024-01-21,Connie Wang
Hit 'Em Up Style (Oops!),Blu Cantrell,Hit 'Em Up Style (Oops!).Blu Cantrell,3,3,90,Hip hop,0.5,1,4,None,,2024-01-21,Connie Wang
MAMBO,DIRTYXAN,MAMBO.DIRTYXAN,3,3,76,Angry Cali Late Nite,0.3,4,3,None,Explicit,2024-01-21,Connie Wang
omg,Marian Hill,omg.Marian Hill,2,3,93,"Electropop, Baddie pop",0.1,3,4,Rising,Explicit,2024-01-21,Connie Wang
Fair Play - Acoustic Version,"Malaki,Lucy McWilliams","Fair Play - Acoustic Version.Malaki,Lucy McWilliams",2,2,88,"Late night, Rap",0.9,1,3,None,End at 4:13,2024-01-21,Connie Wang
Bed on Fire (with Ingrid Andress),"Teddy Swims,Ingrid Andress","Bed on Fire (with Ingrid Andress).Teddy Swims,Ingrid Andress",1,2,80,Country,0.5,3,4,Rising,,2024-01-21,Connie Wang
First Class,Jack Harlow,First Class.Jack Harlow,2,3,107,"Covers, R&B, Rap",0.1,2,5,Rising,,2024-01-21,Connie Wang
Work The Middle,Alex Aiono,Work The Middle.Alex Aiono,3,3,101,Pop,0.4,3,3,None,Latin rhythm,2024-01-21,Connie Wang
greedy,Tate McRae,greedy.Tate McRae,3,3,112,Baddie pop,0.3,3,4,None,Explicit,2024-01-21,Connie Wang
Let There Be Drums,"Feder,UPSAHL","Let There Be Drums.Feder,UPSAHL",2,3,100,Electropop,0.2,3,4,Rising,,2024-01-21,Connie Wang
RNP (feat. Anderson .Paak),"Cordae,Anderson .Paak","RNP (feat. Anderson .Paak).Cordae,Anderson .Paak",2,2,97,Rap,0.7,1,3,None,Very censored,2024-01-21,Connie Wang
Kansas,Ashe,Kansas.Ashe,2,1,71,Funk pop,0.4,4,2,Falling,,2024-01-21,Connie Wang
Gone,"Phlake,Alina Baraz","Gone.Phlake,Alina Baraz",1,2,93,Late night,0.3,4,4,Rising,,2024-01-21,Connie Wang
Prove It to You (feat. Lenachka),"Kris Allen,Lenachka","Prove It to You (feat. Lenachka).Kris Allen,Lenachka",2,2,102,Singer songwriter,0.9,1,3,None,,2024-01-21,Connie Wang
"thank u, next",Ariana Grande,"thank u, next.Ariana Grande",3,3,107,Pop,0.4,3,5,None,Explicit,2024-01-21,Connie Wang
Don't You,Sickick,Don't You.Sickick,3,3,100,"R&B, Covers",0.1,1,4,None,Explicit,2024-01-21,Connie Wang
Mystery Lady,"Masego,Don Toliver","Mystery Lady.Masego,Don Toliver",2,2,76,R&B,0.4,4,2,None,,2024-01-21,Connie Wang
Torn,James TW,Torn.James TW,3,2,95,Singer songwriter,0.5,2,5,Falling,,2024-01-21,Connie Wang
We Don't Have To Take Our Clothes Off,Ella Eyre,We Don't Have To Take Our Clothes Off.Ella Eyre,2,1,97,Drama pop,0.8,4,4,Falling,,2024-01-21,Connie Wang
000000,A.CHAL,000000.A.CHAL,2,2,95,"Pop, Non-english",0.3,2,2,None,"Latin rhythm, Difficult start, Explicit",2024-01-21,Connie Wang
sun and moon,anees,sun and moon.anees,3,2,90,Singer songwriter,0.8,2,4,Falling,,2024-01-21,Connie Wang
Fly Girl (feat. Missy Elliott),"FLO,Missy Elliott","Fly Girl (feat. Missy Elliott).FLO,Missy Elliott",2,3,104,"R&B, Rap",0.5,2,3,Rising,,2024-01-21,Connie Wang
Eyes Closed,Ed Sheeran,Eyes Closed.Ed Sheeran,2,3,107,Singer songwriter,0.5,2,5,Rising,,2024-01-21,Connie Wang
To Die For,Sam Smith,To Die For.Sam Smith,2,2,86,Drama pop,0.5,3,5,None,,2024-01-21,Connie Wang
Silk Chiffon,"MUNA,Phoebe Bridgers","Silk Chiffon.MUNA,Phoebe Bridgers",2,2,97,Pop,0.5,3,3,None,End at 3:15,2024-01-21,Connie Wang
Butterfly Doors,Hailey Knox,Butterfly Doors.Hailey Knox,3,3,100,"Pop, Rap",0.3,2,3,None,Explicit,2024-01-21,Connie Wang
To Die For,Sam Smith,To Die For.Sam Smith,2,2,86,Drama pop,0.5,3,5,None,,2024-01-21,Connie Wang
Silk Chiffon,"MUNA,Phoebe Bridgers","Silk Chiffon.MUNA,Phoebe Bridgers",2,2,97,Pop,0.5,3,3,None,End at 3:15,2024-01-21,Connie Wang
Trip,Ella Mai,Trip.Ella Mai,2,1,80,R&B,0.5,2,5,Falling,Fade out at 3:20,2024-01-21,Connie Wang
Butterfly Doors,Hailey Knox,Butterfly Doors.Hailey Knox,3,3,100,"Pop, Rap",0.3,2,3,None,Explicit,2024-01-21,Connie Wang
BILLIE EILISH.,Armani White,BILLIE EILISH..Armani White,3,4,100,Angry Cali Late Nite,0.4,2,4,Rising,"Clean version, very short",2024-01-21,Connie Wang
Na Na Na,Now United,Na Na Na.Now United,3,3,106,Pop,0.4,1,3,None,,2024-01-21,Connie Wang
Hush,The Marías,Hush.The Marías,2,3,93,Baddie pop,0.2,1,5,Rising,,2024-01-21,Connie Wang
Blinding Lights,Loi,Blinding Lights.Loi,1,1,86,"Late night, Covers",0.9,3,4,None,,2024-01-21,Connie Wang
16 Steps,"Martin Jensen,Olivia Holt",,,,,,,,,,,Mar 18 2023,Connie Wang
Crush On You,Nic Hanson,,,,,,,,,,,Mar 18 2023,Connie Wang
Sneakin' Around With You,Helen Humes,,,,,,,,,,,Mar 18 2023,Connie Wang
Magnets,"Disclosure,Lorde",,,,,,,,,,,Mar 18 2023,Connie Wang
Cleo's Mood,Jr. Walker & The All Stars,,,,,,,,,,,Mar 18 2023,Connie Wang
Jet Black (feat. Brandy),"Anderson .Paak,Brandy",,,,,,,,,,,Mar 18 2023,Connie Wang
Water Under the Bridge,Adele,,,,,,,,,,,Mar 18 2023,Connie Wang
People I Don't Like,UPSAHL,,,,,,,,,,,Mar 18 2023,Connie Wang
Jamming,Juzzie Smith,,,,,,,,,,,Mar 18 2023,Connie Wang
If I Wrote You a Song,"Rubber Band,Grant Trammel",,,,,,,,,,,Mar 18 2023,Connie Wang
My Oh My (feat. DaBaby),"Camila Cabello,DaBaby",,,,,,,,,,,Mar 18 2023,Connie Wang
Savage (feat. Flux Pavilion & MAX),"Whethan,Flux Pavilion,MAX",,,,,,,,,,,Mar 18 2023,Connie Wang
just the two of us,Avenue Beat,,,,,,,,,,,Mar 18 2023,Connie Wang
Ignore Me,Betty Who,,,,,,,,,,,Mar 18 2023,Connie Wang
5:19,Matt Wertz,,,,,,,,,,,Mar 18 2023,Connie Wang
Heartattack And Vine,Tom Waits,,,,,,,,,,,Mar 18 2023,Connie Wang
Chariot,Mega,,,,,,,,,,,Mar 18 2023,Connie Wang
Danny DeVito,Hayley Lynn,,,,,,,,,,,Mar 18 2023,Connie Wang
Numb,"August Alsina, B.o.B., Yo Gotti",,,,,,,,,,,Mar 18 2023,Connie Wang
Want It Too,Pretty Sister,,,,,,,,,,,Mar 18 2023,Connie Wang
Peel Me A Grape,Diana Krall,,,,,,,,,,,Mar 18 2023,Connie Wang
Everybody Wants You,Red Hearse,,,,,,,,,,,Mar 18 2023,Connie Wang
Dammn Baby,Janet Jackson,,,,,,,,,,,Mar 18 2023,Connie Wang
Do Me Like A Drug,Emmanuel Franco,,,,,,,,,,,Mar 18 2023,Connie Wang
W (feat. Gunna),"Koffee,Gunna",,,,,,,,,,,Mar 18 2023,Connie Wang
Five More Minutes,Jonas Brothers,,,,,,,,,,,Mar 18 2023,Connie Wang
La Ducha,ELENA ROSE,,,,,,,,,,,Mar 18 2023,Connie Wang
Little Bit of You,Kevin Garrett,,,,,,,,,,,Mar 18 2023,Connie Wang
Surrender,Daniel Johns,,,,,,,,,,,Mar 18 2023,Connie Wang
Karma,ALMA,,,,,,,,,,,Mar 18 2023,Connie Wang
mas queso,FLOYD WONDER,,,,,,,,,,,Mar 18 2023,Connie Wang
LATATA,(G)I-DLE,,,,,,,,,,,Mar 18 2023,Connie Wang
Vibe,Mullally,,,,,,,,,,,Mar 18 2023,Connie Wang
Ragdoll,Lucy Woodward,,,,,,,,,,,Mar 18 2023,Connie Wang
Back In The Water,HAEVN,,,,,,,,,,,Mar 18 2023,Connie Wang
Say You Won't Let Go,James Arthur,,,,,,,,,,,Mar 18 2023,Connie Wang
Blues Have Been Good to Me,Di Anne Price,,,,,,,,,,,Mar 18 2023,Connie Wang
What A Wonderful World,Sofi Tukker,,,,,,,,,,,Mar 18 2023,Connie Wang
Green Tea & Honey,"Dane Amar,Jereena Montemayor",,,,,,,,,,,Mar 18 2023,Connie Wang
Say So - Vasco Remix,"Terror Jr,Vasco",,,,,,,,,,,Mar 18 2023,Connie Wang
Save Us,Lennon Stella,,,,,,,,,,,Mar 18 2023,Connie Wang
Ring Pop - Stripped,Jax,,,,,,,,,,,Mar 18 2023,Connie Wang
You Shook Me All Night Long - Acoustic,Kaiak,,,,,,,,,,,Mar 18 2023,Connie Wang
Bonbon,Era Istrefi,,,,,,,,,,,Mar 18 2023,Connie Wang
Don't You,Sickick,,,,,,,,,,,Mar 18 2023,Connie Wang
Scatterbrain,Emei,,,,,,,,,,,Mar 18 2023,Connie Wang
So Pretty,"Reyanna Maria,Tyga",,,,,,,,,,,Mar 18 2023,Connie Wang
Young Love,Falcon,,,,,,,,,,,Mar 18 2023,Connie Wang
Hey Cowboy,Devon Cole,,,,,,,,,,,Mar 18 2023,Connie Wang
Saint - Tigertown Remix,"VÉRITÉ,Tigertown",,,,,,,,,,,Mar 18 2023,Connie Wang
Let Me Love You - Acoustic Version,Mario,,,,,,,,,,,Mar 18 2023,Connie Wang
Orion's Belt,Sabrina Claudio,,,,,,,,,,,Mar 18 2023,Connie Wang
Water Flow,Klyne,,,,,,,,,,,Mar 18 2023,Connie Wang
Sleeping to Dream -- Live at the Eagles Ballroom,Jason Mraz,,,,,,,,,,,Mar 18 2023,Connie Wang
Lavender Haze,Taylor Swift,,,,,,,,,,,May 3 2023,Connie Wang
没有说过的话,Ryan.B,,,,,,,,,,,May 3 2023,Connie Wang
Chuck Taylor,"Connor Price,SIRI",,,,,,,,,,,May 3 2023,Connie Wang
Turn It On! Turn It Up!,Roomful Of Blues,,,,,,,,,,,May 3 2023,Connie Wang
Girlfriend at the Time,Emily Burns,,,,,,,,,,,May 3 2023,Connie Wang
6's to 9's,"Big Wild,Rationale",,,,,,,,,,,May 3 2023,Connie Wang
Memory,"Kane Brown,blackbear",,,,,,,,,,,May 3 2023,Connie Wang
D Is For Denny,Kirk Fletcher,,,,,,,,,,,May 3 2023,Connie Wang
Flatline,Two Feet,,,,,,,,,,,May 3 2023,Connie Wang
"Jumpin', Jumpin'",Destiny's Child,,,,,,,,,,,May 3 2023,Connie Wang
Can't Tell Yah,Laai,,,,,,,,,,,May 3 2023,Connie Wang
Tell Me,Groove Theory,,,,,,,,,,,May 3 2023,Connie Wang
hungover sunday,Christian French,,,,,,,,,,,May 3 2023,Connie Wang
The Devil,BANKS,,,,,,,,,,,May 3 2023,Connie Wang
Taste,Betty Who,,,,,,,,,,,May 3 2023,Connie Wang
edamame (feat. Rich Brian),"bbno$,Rich Brian",,,,,,,,,,,May 3 2023,Connie Wang
Goodies (feat. Petey Pablo),"Ciara,Petey Pablo",,,,,,,,,,,May 3 2023,Connie Wang
go with u,BAYNK,,,,,,,,,,,May 3 2023,Connie Wang
Hit 'Em Up Style (Oops!),Blu Cantrell,,,,,,,,,,,May 3 2023,Connie Wang
Pleasure (feat. RINI),"Abrina,RINI",,,,,,,,,,,May 3 2023,Connie Wang
Die A Happy Man,Joseph Vincent,,,,,,,,,,,May 3 2023,Connie Wang
Rafiki,Zap Mama,,,,,,,,,,,May 3 2023,Connie Wang
"Piñata (feat. BIA, Kap G & Justin Quiles)","Vice,Kap G,Justin Quiles,BIA",,,,,,,,,,,May 3 2023,Connie Wang
Do Me Like A Drug,Emmanuel Franco,,,,,,,,,,,May 3 2023,Connie Wang
Case Of The Ex (Whatcha Gonna Do),Mýa,,,,,,,,,,,May 3 2023,Connie Wang
Little Bit of You,Kevin Garrett,,,,,,,,,,,May 3 2023,Connie Wang
Swing,"Connor Price,Nic D,4Korners",,,,,,,,,,,May 3 2023,Connie Wang
Can We Be Friends?,Claire Ridgely,,,,,,,,,,,May 3 2023,Connie Wang
She Wolf,Shakira,,,,,,,,,,,May 3 2023,Connie Wang
Next Big Thing,West Rose,,,,,,,,,,,May 3 2023,Connie Wang
贴贴,"胥睿,杨淳",,,,,,,,,,,May 3 2023,Connie Wang
Creep,Karen Souza,,,,,,,,,,,May 3 2023,Connie Wang
Naked Alone,"L Devine,INDIIA",,,,,,,,,,,May 3 2023,Connie Wang
The Marilyn,GiGi Grombacher,,,,,,,,,,,May 3 2023,Connie Wang
Naughty Girl,Beyoncé,,,,,,,,,,,May 3 2023,Connie Wang
Sugar Honey Iced Tea (S.H.I.T.),Princess Nokia,,,,,,,,,,,May 3 2023,Connie Wang
Wrong Places,Libby Larkin,,,,,,,,,,,May 3 2023,Connie Wang
12345SEX,UPSAHL,,,,,,,,,,,May 3 2023,Connie Wang
Show Up,Aiza,,,,,,,,,,,May 3 2023,Connie Wang
omg,Marian Hill,,,,,,,,,,,May 3 2023,Connie Wang
Pretty Little Fears (feat. J. Cole),"6LACK,J. Cole",,,,,,,,,,,May 3 2023,Connie Wang
Ain't No Sunshine,Bill Withers,,,,,,,,,,,May 3 2023,Connie Wang
Epa Wei,Danny Ocean,,,,,,,,,,,May 3 2023,Connie Wang
Coast (feat. Anderson .Paak),"Hailee Steinfeld,Anderson .Paak",,,,,,,,,,,May 3 2023,Connie Wang
Over-the-Ocean Call,Lizzy McAlpine,,,,,,,,,,,May 3 2023,Connie Wang
For Gerard,Naïka,,,,,,,,,,,May 3 2023,Connie Wang
You Should Probably Leave,Chris Stapleton,,,,,,,,,,,May 3 2023,Connie Wang
Sandman,Grace Gaustad,,,,,,,,,,,May 3 2023,Connie Wang
Messy,Kiiara,,,,,,,,,,,May 3 2023,Connie Wang
Pretty Please,Dua Lipa,,,,,,,,,,,May 3 2023,Connie Wang
Angel Zoo,Phlake,,,,,,,,,,,May 3 2023,Connie Wang
Shivers,OSIS,,,,,,,,,,,May 3 2023,Connie Wang
Talia,King Princess,,,,,,,,,,,May 3 2023,Connie Wang
how deep?,Tai Verdes,,,,,,,,,,,May 3 2023,Connie Wang
Yanghwa BRDG,Zion.T,,,,,,,,,,,May 3 2023,Connie Wang
Don't Forget to Say Goodnight,"Alicia Gianni,Mike Whitebread,Joseph Li,Dan Workman,Nick Gaitan",,,,,,,,,,,May 3 2023,Connie Wang
Fake love,space x,,,,,,,,,,,May 3 2023,Connie Wang
Pray For Me (with Kendrick Lamar),"The Weeknd,Kendrick Lamar",,,,,,,,,,,May 3 2023,Connie Wang
6's to 9's,"Big Wild,Rationale",,,,,,,,,,,June 16 2023,Connie Wang
Push,EquallyOpposite,,,,,,,,,,,June 16 2023,Connie Wang
Why Don't You Do Right,"Beth Hart, Joe Bonamassa",,,,,,,,,,,June 16 2023,Connie Wang
People I Don't Like,UPSAHL,,,,,,,,,,,June 16 2023,Connie Wang
Like This,Jake Scott,,,,,,,,,,,June 16 2023,Connie Wang
Forget Me,Lewis Capaldi,,,,,,,,,,,June 16 2023,Connie Wang
Flatline,Two Feet,,,,,,,,,,,June 16 2023,Connie Wang
Tongue Tied,Theo Tams,,,,,,,,,,,June 16 2023,Connie Wang
没有说过的话,Ryan.B,,,,,,,,,,,June 16 2023,Connie Wang
Dance About It,Meghan Trainor,,,,,,,,,,,June 16 2023,Connie Wang
Beast Of Burden,BabyJake,,,,,,,,,,,June 16 2023,Connie Wang
sun and moon,anees,,,,,,,,,,,June 16 2023,Connie Wang
Save Us,Lennon Stella,,,,,,,,,,,June 16 2023,Connie Wang
Purple Hat,Sofi Tukker,,,,,,,,,,,June 16 2023,Connie Wang
So Pretty,"Reyanna Maria,Tyga",,,,,,,,,,,June 16 2023,Connie Wang
Keep It Simple,Anthony Russo,,,,,,,,,,,June 16 2023,Connie Wang
Hush - Still Woozy Remix,"The Marías,Still Woozy",,,,,,,,,,,June 16 2023,Connie Wang
Built For Comfort,Dion,,,,,,,,,,,June 16 2023,Connie Wang
DNA,"Bo Baskoro,Justin Abel",,,,,,,,,,,June 16 2023,Connie Wang
Walk That Walk,"Bakermat,Nic Hanson",,,,,,,,,,,June 16 2023,Connie Wang
Five More Minutes,Jonas Brothers,,,,,,,,,,,June 16 2023,Connie Wang
In Between,whatever mike,,,,,,,,,,,June 16 2023,Connie Wang
All or Nothing,Ripe,,,,,,,,,,,June 16 2023,Connie Wang
Lone Digger,Caravan Palace,,,,,,,,,,,June 16 2023,Connie Wang
Nuttin' But Love,Heavy D & The Boyz,,,,,,,,,,,June 16 2023,Connie Wang
Lost,Blake Rose,,,,,,,,,,,June 16 2023,Connie Wang
Aliens Need Love Too,"Phlake,Mercedes the Virus",,,,,,,,,,,June 16 2023,Connie Wang
Faded,Izzy Bizu,,,,,,,,,,,June 16 2023,Connie Wang
"Independent Women, Pt. 1",Destiny's Child,,,,,,,,,,,June 16 2023,Connie Wang
Next Big Thing,West Rose,,,,,,,,,,,June 16 2023,Connie Wang
Still in da Disco - Maga Remix,"HEDEGAARD,Maga",,,,,,,,,,,June 16 2023,Connie Wang
Go Crazy,"Bray Brown,Chris Mayz",,,,,,,,,,,June 16 2023,Connie Wang
Johnnie Walker,Spritely,,,,,,,,,,,June 16 2023,Connie Wang
One Man Show,Ariana Savalas,,,,,,,,,,,June 16 2023,Connie Wang
Sho Nuff,Leon Bridges,,,,,,,,,,,June 16 2023,Connie Wang
Black Velvet,Alannah Myles,,,,,,,,,,,June 16 2023,Connie Wang
AFU,CAL,,,,,,,,,,,June 16 2023,Connie Wang
Vibe,Mullally,,,,,,,,,,,June 16 2023,Connie Wang
u turn me on (but u give me depression),LØLØ,,,,,,,,,,,June 16 2023,Connie Wang
Supermagic,Ellery Bonham,,,,,,,,,,,June 16 2023,Connie Wang
That's The Way Love Goes,Janet Jackson,,,,,,,,,,,June 16 2023,Connie Wang
Shivers,OSIS,,,,,,,,,,,June 16 2023,Connie Wang
坏蛋,"叶琼琳,褚晨茜",,,,,,,,,,,June 16 2023,Connie Wang
Stand and Deliver,Patrick Droney,,,,,,,,,,,June 16 2023,Connie Wang
Escapism.,"RAYE,070 Shake",,,,,,,,,,,June 16 2023,Connie Wang
Christina's Song,MAX,,,,,,,,,,,June 16 2023,Connie Wang
Vigilante Shit,Taylor Swift,,,,,,,,,,,June 16 2023,Connie Wang
i don't wanna party,mike.,,,,,,,,,,,June 16 2023,Connie Wang
"(Sittin' On) The Dock of the Bay - Live At The Fillmore, San Francisco, CA - July 2008",Sara Bareilles,,,,,,,,,,,June 16 2023,Connie Wang
All Too Well (Taylor's Version),Taylor Swift,,,,,,,,,,,Aug 16 2023,Connie Wang
Run Through Fire,Pink Sweat$,,,,,,,,,,,Aug 16 2023,Connie Wang
Meant To Be,"Ber,Charlie Oriain",,,,,,,,,,,Aug 16 2023,Connie Wang
Bad Girl,Sickick,,,,,,,,,,,Aug 16 2023,Connie Wang
shut up,Greyson Chance,,,,,,,,,,,Aug 16 2023,Connie Wang
Fly Girl (feat. Missy Elliott),"FLO,Missy Elliott",,,,,,,,,,,Aug 16 2023,Connie Wang
Lost In Space,Emmit Fenn,,,,,,,,,,,Aug 16 2023,Connie Wang
9 to 5 (FROM THE STILL WORKING 9 TO 5 DOCUMENTARY),"Kelly Clarkson,Dolly Parton",,,,,,,,,,,Aug 16 2023,Connie Wang
Tricky,"Shoffy,Sabrina Carpenter",,,,,,,,,,,Aug 16 2023,Connie Wang
"Leave (Get Out) - Recorded at Metropolis Studios, London",Anne-Marie,,,,,,,,,,,Aug 16 2023,Connie Wang
Christina's Song,MAX,,,,,,,,,,,Aug 16 2023,Connie Wang
On Fire,JJ Grey & Mofro,,,,,,,,,,,Aug 16 2023,Connie Wang
Better Luck Next Time,Kelsea Ballerini,,,,,,,,,,,Aug 16 2023,Connie Wang
What A Wonderful World,Sofi Tukker,,,,,,,,,,,Aug 16 2023,Connie Wang
Oh My God,Adele,,,,,,,,,,,Aug 16 2023,Connie Wang
AFU,CAL,,,,,,,,,,,Aug 16 2023,Connie Wang
Hey Cowboy,Devon Cole,,,,,,,,,,,Aug 16 2023,Connie Wang
To Die For,Sam Smith,,,,,,,,,,,Aug 16 2023,Connie Wang
Chariot,Mega,,,,,,,,,,,Aug 16 2023,Connie Wang
Fantasy,Mariah Carey,,,,,,,,,,,Aug 16 2023,Connie Wang
Brooklyn,Patrick Droney,,,,,,,,,,,Aug 16 2023,Connie Wang
No Tomorrow,Brandy,,,,,,,,,,,Aug 16 2023,Connie Wang
do u really? (with Ruth B.),"Lyn Lapid,Ruth B.",,,,,,,,,,,Aug 16 2023,Connie Wang
go with u,BAYNK,,,,,,,,,,,Aug 16 2023,Connie Wang
Paris in the Rain,Lauv,,,,,,,,,,,Aug 16 2023,Connie Wang
How Come U Don't Call Me Anymore - 1999 B-Side - 2019 Remaster,Prince,,,,,,,,,,,Aug 16 2023,Connie Wang
Dive,Olivia Dean,,,,,,,,,,,Aug 16 2023,Connie Wang
Forgive Me,"Sofi Tukker,Mahmut Orhan",,,,,,,,,,,Aug 16 2023,Connie Wang
Starboy,"The Weeknd,Daft Punk",,,,,,,,,,,Aug 16 2023,Connie Wang
Savage (Nightcore Remix),"Bahari,Nightcore",,,,,,,,,,,Aug 16 2023,Connie Wang
Orion's Belt,Sabrina Claudio,,,,,,,,,,,Aug 16 2023,Connie Wang
Dust My Broom,Etta James,,,,,,,,,,,Aug 16 2023,Connie Wang
If It Feels Good (Then It Must Be),Leon Bridges,,,,,,,,,,,Aug 16 2023,Connie Wang
Jet Black (feat. Brandy),"Anderson .Paak,Brandy",,,,,,,,,,,Aug 16 2023,Connie Wang
Poison,NEZZA,,,,,,,,,,,Aug 16 2023,Connie Wang
Money,Leikeli47,,,,,,,,,,,Aug 16 2023,Connie Wang
Black Velvet,Alannah Myles,,,,,,,,,,,Aug 16 2023,Connie Wang
Club Thing,Yoav,,,,,,,,,,,Aug 16 2023,Connie Wang
Do Me Like A Drug,Emmanuel Franco,,,,,,,,,,,Aug 16 2023,Connie Wang
Pretty Please,Dua Lipa,,,,,,,,,,,Aug 16 2023,Connie Wang
just the two of us,Avenue Beat,,,,,,,,,,,Aug 16 2023,Connie Wang
Shoop,Salt-N-Pepa,,,,,,,,,,,Aug 16 2023,Connie Wang
I'd Rather Drink Muddy Water,Marc Broussard,,,,,,,,,,,Aug 16 2023,Connie Wang
Lie,Sasha Alex Sloan,,,,,,,,,,,Aug 16 2023,Connie Wang
Mind Over Matter,Anthony Ramos,,,,,,,,,,,Aug 16 2023,Connie Wang
Why Don't You Do Right,"Beth Hart, Joe Bonamassa",,,,,,,,,,,Aug 16 2023,Connie Wang
Confetti,Charlotte Cardin,,,,,,,,,,,Aug 16 2023,Connie Wang
Nice to Meet Ya (feat. Nicki Minaj),"Meghan Trainor,Nicki Minaj",,,,,,,,,,,Aug 16 2023,Connie Wang
Show Up,Aiza,,,,,,,,,,,Aug 16 2023,Connie Wang
The Devil,BANKS,,,,,,,,,,,Aug 16 2023,Connie Wang
mas queso,FLOYD WONDER,,,,,,,,,,,Aug 16 2023,Connie Wang
"Head On Fire (feat. Sigrid, King Princess and MØ)","Griff,King Princess,MØ,Sigrid",,,,,,,,,,,Aug 16 2023,Connie Wang
My Game,Deluxe,,,,,,,,,,,Aug 16 2023,Connie Wang
Working For The Weekend (feat. bbno$),"MAX,bbno$",,,,,,,,,,,Sept 21 2023,Connie Wang
D Is For Denny,Kirk Fletcher,,,,,,,,,,,Sept 21 2023,Connie Wang
U Remind Me - Recorded at Spotify Studios NYC,James TW,,,,,,,,,,,Sept 21 2023,Connie Wang
Bloodstream,Ed Sheeran,,,,,,,,,,,Sept 21 2023,Connie Wang
Candy Rain,Soul For Real,,,,,,,,,,,Sept 21 2023,Connie Wang
Fly Girl (feat. Missy Elliott),"FLO,Missy Elliott",,,,,,,,,,,Sept 21 2023,Connie Wang
Butterflies,James TW,,,,,,,,,,,Sept 21 2023,Connie Wang
Stand and Deliver,Patrick Droney,,,,,,,,,,,Sept 21 2023,Connie Wang
唯一remix,李宜柏PAULYBLEE,,,,,,,,,,,Sept 21 2023,Connie Wang
Push,EquallyOpposite,,,,,,,,,,,Sept 21 2023,Connie Wang
Into You,Ariana Grande,,,,,,,,,,,Sept 21 2023,Connie Wang
Straight Up,Paula Abdul,,,,,,,,,,,Sept 21 2023,Connie Wang
October,Alessia Cara,,,,,,,,,,,Sept 21 2023,Connie Wang
Breathe,Years & Years,,,,,,,,,,,Sept 21 2023,Connie Wang
Dust My Broom,Etta James,,,,,,,,,,,Sept 21 2023,Connie Wang
just the two of us,Avenue Beat,,,,,,,,,,,Sept 21 2023,Connie Wang
"Independent Women, Pt. 1",Destiny's Child,,,,,,,,,,,Sept 21 2023,Connie Wang
Bad Mood - Roger's Nu Solution Vocal,Lonnie Gordon,,,,,,,,,,,Sept 21 2023,Connie Wang
Next Big Thing,West Rose,,,,,,,,,,,Sept 21 2023,Connie Wang
贴贴,"胥睿,杨淳",,,,,,,,,,,Sept 21 2023,Connie Wang
Wanted Man,Mat Kearney,,,,,,,,,,,Sept 21 2023,Connie Wang
Show Up,Aiza,,,,,,,,,,,Sept 21 2023,Connie Wang
Whisper,Ernie Halter,,,,,,,,,,,Sept 21 2023,Connie Wang
my hair,Ariana Grande,,,,,,,,,,,Sept 21 2023,Connie Wang
Chariot,Mega,,,,,,,,,,,Sept 21 2023,Connie Wang
Can't Tell Yah,Laai,,,,,,,,,,,Sept 21 2023,Connie Wang
We Up,NuChoyce,,,,,,,,,,,Sept 21 2023,Connie Wang
Poison,NEZZA,,,,,,,,,,,Sept 21 2023,Connie Wang
Tell Me,Groove Theory,,,,,,,,,,,Sept 21 2023,Connie Wang
Crush On You,Nic Hanson,,,,,,,,,,,Sept 21 2023,Connie Wang
A Natural Man,Lou Rawls,,,,,,,,,,,Sept 21 2023,Connie Wang
All You Had To Do Was Stay,Taylor Swift,,,,,,,,,,,Sept 21 2023,Connie Wang
Chunky,Bruno Mars,,,,,,,,,,,Sept 21 2023,Connie Wang
Light On,Maggie Rogers,,,,,,,,,,,Sept 21 2023,Connie Wang
You Shook Me All Night Long - Acoustic,Kaiak,,,,,,,,,,,Sept 21 2023,Connie Wang
Don't You,Sickick,,,,,,,,,,,Sept 23 2023,Connie Wang
Black Mamba,aespa,,,,,,,,,,,Sept 23 2023,Connie Wang
Got to Be Real - Single Version,Cheryl Lynn,,,,,,,,,,,Sept 23 2023,Connie Wang
So Pretty,"Reyanna Maria,Tyga",,,,,,,,,,,Sept 23 2023,Connie Wang
365&7 (Feat. JAMIE),"pH-1,JAMIE",,,,,,,,,,,Sept 23 2023,Connie Wang
Can We Be Friends?,Claire Ridgely,,,,,,,,,,,Sept 23 2023,Connie Wang
Coffee,Billy Raffoul,,,,,,,,,,,Sept 23 2023,Connie Wang
Savage (Nightcore Remix),"Bahari,Nightcore",,,,,,,,,,,Sept 23 2023,Connie Wang
Blues Have Been Good to Me,Di Anne Price,,,,,,,,,,,Sept 23 2023,Connie Wang
Paris in the Rain,Lauv,,,,,,,,,,,Sept 23 2023,Connie Wang
Hush - Still Woozy Remix,"The Marías,Still Woozy",,,,,,,,,,,Sept 23 2023,Connie Wang
没有说过的话,Ryan.B,,,,,,,,,,,Sept 23 2023,Connie Wang
nuh uh,Jades Goudreault,,,,,,,,,,,Sept 23 2023,Connie Wang
SexyBack,"Ilkan Gunuc,Clara Stegall",,,,,,,,,,,Sept 23 2023,Connie Wang
How We Do,"The Game,50 Cent",,,,,,,,,,,Sept 23 2023,Connie Wang
Touch My Body,Mariah Carey,,,,,,,,,,,Sept 23 2023,Connie Wang
Savage (feat. Flux Pavilion & MAX),"Whethan,Flux Pavilion,MAX",,,,,,,,,,,Sept 23 2023,Connie Wang
Reckless,Healy,,,,,,,,,,,Sept 23 2023,Connie Wang
Call Your Mom (with Lizzy McAlpine),"Noah Kahan,Lizzy McAlpine",,,,,,,,,,,Sept 23 2023,Connie Wang
AFU,CAL,,,,,,,,,,,Sept 23 2023,Connie Wang
섬찟 (Hypnosis),IVE,,,,,,,,,,,Sept 23 2023,Connie Wang
Lil Mama,Jain,,,,,,,,,,,Sept 23 2023,Connie Wang
Flatline,Two Feet,,,,,,,,,,,Sept 23 2023,Connie Wang
Paint The Town Red,Doja Cat,,,,,,,,,,,Sept 23 2023,Connie Wang
flowers & sex,"EMELINE,smle",,,,,,,,,,,Sept 23 2023,Connie Wang
Supermagic,Ellery Bonham,,,,,,,,,,,Sept 23 2023,Connie Wang
SoulMate (feat. IU),"ZICO,IU",,,,,,,,,,,Sept 23 2023,Connie Wang
Slow Jamz,Max Frost,,,,,,,,,,,Sept 23 2023,Connie Wang
Beyonce,AMARNI,,,,,,,,,,,Sept 23 2023,Connie Wang
The Devil,BANKS,,,,,,,,,,,Sept 23 2023,Connie Wang
do u really? (with Ruth B.),"Lyn Lapid,Ruth B.",,,,,,,,,,,Sept 23 2023,Connie Wang
People,Libianca,,,,,,,,,,,Sept 23 2023,Connie Wang
What Was I Made For?,Billie Eilish,,,,,,,,,,,Sept 23 2023,Connie Wang
Bloody Poetry,Grieves,,,,,,,,,,,Sept 23 2023,Connie Wang
Chuck Taylor,"Connor Price,SIRI",,,,,,,,,,,Sept 23 2023,Connie Wang
omg,Marian Hill,,,,,,,,,,,Sept 23 2023,Connie Wang
reckless driving,"Lizzy McAlpine,Ben Kessler",,,,,,,,,,,Sept 23 2023,Connie Wang
Feel Good,Charlotte Cardin,,,,,,,,,,,Sept 23 2023,Connie Wang
MAMBO,DIRTYXAN,,,,,,,,,,,Sept 23 2023,Connie Wang
Lie,Sasha Alex Sloan,,,,,,,,,,,Sept 23 2023,Connie Wang
Only You,Parson James,,,,,,,,,,,Oct 14 2023,Connie Wang
Bloody Poetry,Grieves,,,,,,,,,,,Oct 14 2023,Connie Wang
Thinkin Bout You,Ciara,,,,,,,,,,,Oct 14 2023,Connie Wang
Sexy Love,Ne-Yo,,,,,,,,,,,Oct 14 2023,Connie Wang
tere bina - Acoustic,"Zaeden,Jonita Gandhi",,,,,,,,,,,Oct 14 2023,Connie Wang
One Man Show,Ariana Savalas,,,,,,,,,,,Oct 14 2023,Connie Wang
This Year,Emily King,,,,,,,,,,,Oct 14 2023,Connie Wang
Feel Good,Charlotte Cardin,,,,,,,,,,,Oct 14 2023,Connie Wang
Nuttin' But Love,Heavy D & The Boyz,,,,,,,,,,,Oct 14 2023,Connie Wang
Shine On,Eric Bibb,,,,,,,,,,,Oct 14 2023,Connie Wang
No Scrubs,TLC,,,,,,,,,,,Oct 14 2023,Connie Wang
Don't Wait,Mapei,,,,,,,,,,,Oct 14 2023,Connie Wang
Meant To Be,"Ber,Charlie Oriain",,,,,,,,,,,Oct 14 2023,Connie Wang
Reckless,Healy,,,,,,,,,,,Oct 14 2023,Connie Wang
I Think He Knows,Taylor Swift,,,,,,,,,,,Oct 14 2023,Connie Wang
Greedy,Ariana Grande,,,,,,,,,,,Oct 14 2023,Connie Wang
How We Do,"The Game,50 Cent",,,,,,,,,,,Oct 14 2023,Connie Wang
SexyBack,"Ilkan Gunuc,Clara Stegall",,,,,,,,,,,Oct 14 2023,Connie Wang
Fire for You,Cannons,,,,,,,,,,,Oct 14 2023,Connie Wang
Over-the-Ocean Call,Lizzy McAlpine,,,,,,,,,,,Oct 14 2023,Connie Wang
go with u,BAYNK,,,,,,,,,,,Oct 14 2023,Connie Wang
Torn,James TW,,,,,,,,,,,Oct 14 2023,Connie Wang
Why Don't You Touch Me,Leon Bridges,,,,,,,,,,,Oct 14 2023,Connie Wang
What Was I Made For?,Billie Eilish,,,,,,,,,,,Oct 14 2023,Connie Wang
i'm so tired...,"Lauv,Troye Sivan",,,,,,,,,,,Oct 14 2023,Connie Wang
Lock Shit Down,"Chali 2na,Talib Kweli",,,,,,,,,,,Oct 14 2023,Connie Wang
Coffee,Billy Raffoul,,,,,,,,,,,Oct 14 2023,Connie Wang
Johnnie Walker,Spritely,,,,,,,,,,,Oct 14 2023,Connie Wang
Passenger Side,Smallpools,,,,,,,,,,,Oct 14 2023,Connie Wang
Dance About It,Meghan Trainor,,,,,,,,,,,Oct 14 2023,Connie Wang
Shoop,Salt-N-Pepa,,,,,,,,,,,Oct 14 2023,Connie Wang
Savage (feat. Flux Pavilion & MAX),"Whethan,Flux Pavilion,MAX",,,,,,,,,,,Oct 14 2023,Connie Wang
Paris in the Rain,Lauv,,,,,,,,,,,Oct 14 2023,Connie Wang
Live High,Jason Mraz,,,,,,,,,,,Oct 14 2023,Connie Wang
Can We Be Friends?,Claire Ridgely,,,,,,,,,,,Oct 14 2023,Connie Wang
Now and Later,Sage The Gemini,,,,,,,,,,,Oct 14 2023,Connie Wang
Warm Whispers,Missy Higgins,,,,,,,,,,,Oct 14 2023,Connie Wang
just the two of us,Avenue Beat,,,,,,,,,,,Nov 1 2023,Connie Wang
Working For The Weekend (feat. bbno$),"MAX,bbno$",,,,,,,,,,,Nov 1 2023,Connie Wang
Roadhouse Blues,The Doors,,,,,,,,,,,Nov 1 2023,Connie Wang
Be Honest (feat. Burna Boy),"Jorja Smith,Burna Boy",,,,,,,,,,,Nov 1 2023,Connie Wang
Money,Leikeli47,,,,,,,,,,,Nov 1 2023,Connie Wang
Lie,Sasha Alex Sloan,,,,,,,,,,,Nov 1 2023,Connie Wang
Bound,Indiana,,,,,,,,,,,Nov 1 2023,Connie Wang
Candy,Kah-Lo,,,,,,,,,,,Nov 1 2023,Connie Wang
Poison,NEZZA,,,,,,,,,,,Nov 1 2023,Connie Wang
Someone Like You (feat. Joy Oladokun),"Noah Kahan,Joy Oladokun",,,,,,,,,,,Nov 1 2023,Connie Wang
Blinding Lights,Loi,,,,,,,,,,,Nov 1 2023,Connie Wang
Fly Girl (feat. Missy Elliott),"FLO,Missy Elliott",,,,,,,,,,,Nov 1 2023,Connie Wang
Lost,Blake Rose,,,,,,,,,,,Nov 1 2023,Connie Wang
Goodies (feat. Petey Pablo),"Ciara,Petey Pablo",,,,,,,,,,,Nov 1 2023,Connie Wang
You're Sexy I'm Sexy,Eric Nam,,,,,,,,,,,Nov 1 2023,Connie Wang
"Piñata (feat. BIA, Kap G & Justin Quiles)","Vice,Kap G,Justin Quiles,BIA",,,,,,,,,,,Nov 1 2023,Connie Wang
Why Don't You Do Right,"Beth Hart, Joe Bonamassa",,,,,,,,,,,Nov 1 2023,Connie Wang
Eyes Closed,Ed Sheeran,,,,,,,,,,,Nov 1 2023,Connie Wang
Do Me Like A Drug,Emmanuel Franco,,,,,,,,,,,Nov 1 2023,Connie Wang
16 Steps,"Martin Jensen,Olivia Holt",,,,,,,,,,,Nov 1 2023,Connie Wang
Next Big Thing,West Rose,,,,,,,,,,,Nov 1 2023,Connie Wang
Numb - Bonus Track,"August Alsina,B.o.B,Yo Gotti",,,,,,,,,,,Nov 1 2023,Connie Wang
Angel Zoo,Phlake,,,,,,,,,,,Nov 1 2023,Connie Wang
crossed the line,Jessica Baio,,,,,,,,,,,Nov 1 2023,Connie Wang
MAMBO,DIRTYXAN,,,,,,,,,,,Nov 1 2023,Connie Wang
Too Well,Reneé Rapp,,,,,,,,,,,Nov 1 2023,Connie Wang
Coke & Henny Pt. 2,Pink Sweat$,,,,,,,,,,,Nov 1 2023,Connie Wang
Flatline,Two Feet,,,,,,,,,,,Nov 1 2023,Connie Wang
Young Love,Falcon,,,,,,,,,,,Nov 1 2023,Connie Wang
boyfriend (with Social House),"Ariana Grande,Social House",,,,,,,,,,,Nov 1 2023,Connie Wang
For Me,Happi,,,,,,,,,,,Nov 1 2023,Connie Wang
WOW - Unplugged,Janine,,,,,,,,,,,Nov 1 2023,Connie Wang
nuh uh,Jades Goudreault,,,,,,,,,,,Nov 1 2023,Connie Wang
Naughty Girl,Beyoncé,,,,,,,,,,,Nov 1 2023,Connie Wang
bury a friend,Billie Eilish,,,,,,,,,,,Nov 1 2023,Connie Wang
do u really? (with Ruth B.),"Lyn Lapid,Ruth B.",,,,,,,,,,,Nov 1 2023,Connie Wang
AFU,CAL,,,,,,,,,,,Nov 1 2023,Connie Wang
Sophisticated Lady,Mýa,,,,,,,,,,,Nov 1 2023,Connie Wang
Walk That Walk,"Bakermat,Nic Hanson",,,,,,,,,,,Nov 1 2023,Connie Wang
Feel Good,Charlotte Cardin,,,,,,,,,,,Nov 1 2023,Connie Wang
Light On,Maggie Rogers,,,,,,,,,,,Nov 1 2023,Connie Wang
Lose My Cool - Franc Moody Remix,"Amber Mark,Franc Moody",,,,,,,,,,,Nov 1 2023,Connie Wang
My Oh My (feat. DaBaby),"Camila Cabello,DaBaby",,,,,,,,,,,Nov 1 2023,Connie Wang
Bonbon,Era Istrefi,,,,,,,,,,,Nov 1 2023,Connie Wang
Messy,Kiiara,,,,,,,,,,,Nov 1 2023,Connie Wang
In Between,whatever mike,,,,,,,,,,,Nov 1 2023,Connie Wang
Secret - Demo,Maroon 5,,,,,,,,,,,Nov 1 2023,Connie Wang
i don't wanna party,mike.,,,,,,,,,,,Nov 1 2023,Connie Wang
Call Your Mom (with Lizzy McAlpine),"Noah Kahan,Lizzy McAlpine",,,,,,,,,,,Nov 1 2023,Connie Wang
omg,Marian Hill,,,,,,,,,,,Nov 1 2023,Connie Wang
Trade it for the Night - Single Version,HAEVN,,,,,,,,,,,Nov 1 2023,Connie Wang
Boyfriend,Mabel,,,,,,,,,,,Nov 18 2023,Connie Wang
Black Velvet,Alannah Myles,,,,,,,,,,,Nov 18 2023,Connie Wang
BILLIE EILISH.,Armani White,,,,,,,,,,,Nov 18 2023,Connie Wang
Hit 'Em Up Style (Oops!),Blu Cantrell,,,,,,,,,,,Nov 18 2023,Connie Wang
Hometown Girl,ZHU,,,,,,,,,,,Nov 18 2023,Connie Wang
Christina's Song,MAX,,,,,,,,,,,Nov 18 2023,Connie Wang
Breathin',Asylum Street Spankers,,,,,,,,,,,Nov 18 2023,Connie Wang
Cruel Summer,Taylor Swift,,,,,,,,,,,Nov 18 2023,Connie Wang
Lips Don't Lie (feat. A Boogie Wit da Hoodie) - R3HAB Remix,"Ally Brooke,A Boogie Wit da Hoodie,R3HAB",,,,,,,,,,,Nov 18 2023,Connie Wang
Lil Boo Thang,Paul Russell,,,,,,,,,,,Nov 18 2023,Connie Wang
Boom Sh-Boom,Martin Sexton,,,,,,,,,,,Nov 18 2023,Connie Wang
Light On,Maggie Rogers,,,,,,,,,,,Nov 18 2023,Connie Wang
Breathe,Years & Years,,,,,,,,,,,Nov 18 2023,Connie Wang
唯一remix,李宜柏PAULYBLEE,,,,,,,,,,,Nov 18 2023,Connie Wang
Let There Be Drums,"Feder,UPSAHL",,,,,,,,,,,Nov 18 2023,Connie Wang
Pretty Please,Dua Lipa,,,,,,,,,,,Nov 18 2023,Connie Wang
mas queso,FLOYD WONDER,,,,,,,,,,,Nov 18 2023,Connie Wang
"Head On Fire (feat. Sigrid, King Princess and MØ)","Griff,King Princess,MØ,Sigrid",,,,,,,,,,,Nov 18 2023,Connie Wang
Tainted Love,"Trinix,Queen D",,,,,,,,,,,Nov 18 2023,Connie Wang
Brooklyn,Patrick Droney,,,,,,,,,,,Nov 18 2023,Connie Wang
Sho Nuff,Leon Bridges,,,,,,,,,,,Nov 18 2023,Connie Wang
Can We Be Friends?,Claire Ridgely,,,,,,,,,,,Nov 18 2023,Connie Wang
If I Wrote You a Song,"Rubber Band,Grant Trammel",,,,,,,,,,,Nov 18 2023,Connie Wang
Sure Thing,Miguel,,,,,,,,,,,Nov 18 2023,Connie Wang
SloMo,Chanel,,,,,,,,,,,Nov 18 2023,Connie Wang
Come on over Baby (All I Want Is You) - Radio Version,Christina Aguilera,,,,,,,,,,,Nov 18 2023,Connie Wang
Feelin' Myself,"will.i.am,Miley Cyrus,French Montana,Wiz Khalifa,Mustard",,,,,,,,,,,Nov 18 2023,Connie Wang
Semblant,Laurence Nerbonne,,,,,,,,,,,Nov 18 2023,Connie Wang
CHARGER (ft. Charli XCX),"ELIO,Charli XCX",,,,,,,,,,,Nov 18 2023,Connie Wang
Missing You,Betty Who,,,,,,,,,,,Nov 18 2023,Connie Wang
Streetlights on Mars,Jackson Penn,,,,,,,,,,,Nov 18 2023,Connie Wang
Santorini Coffee,melvitto,,,,,,,,,,,Nov 18 2023,Connie Wang
Bad Girl,Sickick,,,,,,,,,,,Nov 18 2023,Connie Wang
Afire Love,Ed Sheeran,,,,,,,,,,,Nov 18 2023,Connie Wang
Somebody Else - Alt Edit,The 1975,,,,,,,,,,,Nov 18 2023,Connie Wang
Drunk (And I Don't Wanna Go Home),"Elle King,Miranda Lambert",,,,,,,,,,,Nov 18 2023,Connie Wang
Love U Like That,Lauv,,,,,,,,,,,Nov 18 2023,Connie Wang
This City Remix (feat. Anne-Marie),"Sam Fischer,Anne-Marie",,,,,,,,,,,Nov 18 2023,Connie Wang
